input_tokens,output_tokens,resolution,num_images,trial,latency,cost
1000,256,850x1100,0,4,0.8503433340229094,0.00015375
1000,256,850x1100,0,5,1.0802079580025747,0.00015375
1000,256,850x1100,0,2,1.1321739159757271,0.00015375
1000,256,850x1100,0,10,1.1909591249423102,0.00015375
1000,256,850x1100,0,9,1.2602996249916032,0.00015315
1000,256,850x1100,0,6,1.2835562910186127,0.00015315
1000,256,1700x2200,0,9,1.1731978750322014,0.00015375
1000,256,850x1100,0,7,1.3334156249184161,0.00015375
1000,256,850x1100,0,1,1.3404245839919895,0.00015375
1000,256,1700x2200,0,4,1.1988631249405444,0.00015315
1000,256,1700x2200,0,10,1.1973323749843985,0.00015375
1000,256,1700x2200,0,7,1.2288449159823358,0.00015315
1000,256,1700x2200,0,1,1.235744292032905,0.00015375
1000,256,1700x2200,0,3,1.23421512497589,0.00015315
1000,256,1700x2200,0,2,1.2497423749882728,0.00015315
1000,256,1700x2200,0,5,1.2523657919373363,0.00015375
1000,256,1700x2200,0,6,1.2566955829970539,0.00015315
1000,256,1700x2200,0,8,1.3012277920497581,0.00015375
1000,256,850x1100,0,3,1.6337766669457778,0.00015375
1000,256,850x1100,0,8,1.9182187089463696,0.00015315
1000,256,1700x2200,2,2,1.5804357080487534,0.0009166500000000001
1000,256,1700x2200,2,6,1.4349689580267295,0.00090645
1000,256,850x1100,3,2,2.560892540961504,0.0010395
1000,256,1700x2200,2,9,1.7236389580648392,0.0009166500000000001
1000,256,850x1100,1,2,4.015196082997136,0.0004962
1000,256,850x1100,1,10,4.181509500020184,0.0004968
1000,256,850x1100,2,2,3.6194027910241857,0.0007792500000000001
1000,256,850x1100,2,9,3.511966917081736,0.0007744500000000001
1000,256,850x1100,2,7,3.533887166995555,0.00076905
1000,256,1700x2200,2,10,1.7965730000287294,0.00091725
1000,256,850x1100,2,5,3.558731292025186,0.0007762500000000001
1000,256,850x1100,2,10,3.517341750091873,0.0007792500000000001
1000,256,2550x3300,0,2,0.5221280000405386,0.00015375
1000,256,1700x2200,2,5,2.5327594579430297,0.0009472500000000001
1000,256,2550x3300,0,1,0.5362878330051899,0.00015375
1000,256,850x1100,2,8,4.08376608393155,0.00079365
1000,256,850x1100,2,6,4.167059124913067,0.00079905
1000,256,1700x2200,2,4,2.683349375030957,0.00094005
1000,256,1700x2200,2,1,2.8504537920234725,0.00095085
1000,256,2550x3300,0,4,0.23402704193722457,0.00015375
1000,256,2550x3300,0,5,0.2509180000051856,0.00015375
1000,256,2550x3300,0,3,0.2892274589976296,0.00015375
1000,256,2550x3300,0,6,0.28866150008980185,0.00015375
1000,256,1700x2200,2,3,2.9438245419878513,0.0009610500000000001
1000,256,850x1100,1,6,5.002818915992975,0.0005268
1000,256,1700x2200,1,9,3.544183791964315,0.0006006000000000001
1000,256,2550x3300,0,9,0.23291004193015397,0.00015375
1000,256,2550x3300,0,8,0.29897054098546505,0.00015375
1000,256,2550x3300,0,10,0.29277758300304413,0.00015375
1000,256,850x1100,3,1,4.1304452089825645,0.0010899
1000,256,1700x2200,1,2,4.034958208911121,0.0006096
1000,256,1700x2200,1,3,4.009079583920538,0.0006102000000000001
1000,256,850x1100,1,8,5.362659125006758,0.0005316
1000,256,850x1100,3,5,3.974986999994144,0.0010869
1000,256,1700x2200,1,5,3.901883708080277,0.0006078
1000,256,850x1100,3,10,3.531511666951701,0.0010863000000000001
1000,256,850x1100,3,6,4.460844082990661,0.0011001000000000001
1000,256,1700x2200,1,10,4.185481957974844,0.0006156
1000,256,1700x2200,1,4,4.480993292061612,0.0006216
1000,256,850x1100,2,1,5.236582624958828,0.0008218500000000001
1000,256,1700x2200,1,7,4.327182249980979,0.0006162
1000,256,2550x3300,0,7,1.4199374580057338,0.00015375
1000,256,850x1100,3,8,4.800014832988381,0.0011097
1000,256,850x1100,3,4,5.05468862503767,0.0011169
1000,256,850x1100,3,3,5.08157737494912,0.0011121
1000,256,1700x2200,1,6,4.91280595806893,0.0006353999999999999
1000,256,850x1100,1,4,6.826794666936621,0.0005808
1000,256,850x1100,3,9,5.080695833079517,0.0011247
1000,256,850x1100,3,7,5.528067416977137,0.0011319
1000,256,850x1100,1,9,6.969523374922574,0.0005748
1000,256,850x1100,2,3,6.370573083986528,0.0008584500000000001
1000,256,850x1100,2,4,6.380405750009231,0.0008590500000000001
1000,256,2550x3300,1,7,1.3097355830250308,0.000528
1000,256,1700x2200,2,7,4.8379222500370815,0.00101085
1000,256,850x1100,1,1,7.220814790925942,0.0005886
1000,256,850x1100,1,3,7.15229429199826,0.0005886
1000,256,850x1100,1,5,7.162551291985437,0.0005886
1000,256,850x1100,1,7,7.13514679193031,0.0005856
1000,256,3400x4400,0,1,0.28334470896515995,0.00015375
1000,256,3400x4400,0,2,0.3219211249379441,0.00015375
1000,256,1700x2200,1,1,6.513981541967951,0.0006756
1000,256,3400x4400,0,3,0.6080893750768155,0.00015375
1000,256,3400x4400,0,6,0.6078267089324072,0.00015375
1000,256,3400x4400,0,7,0.6095202079741284,0.00015375
1000,256,3400x4400,0,5,0.6270247909706086,0.00015375
1000,256,3400x4400,0,4,0.6585876250173897,0.00015375
1000,256,3400x4400,0,8,0.6535709999734536,0.00015375
1000,256,3400x4400,0,10,0.5263501249719411,0.00015375
1000,256,3400x4400,0,9,0.5731002499815077,0.00015375
1000,256,2550x3300,2,2,0.5988547500455752,0.00089565
1000,256,1700x2200,1,8,6.368489791057073,0.0006756
1000,256,2550x3300,1,4,2.5712500839727,0.0005610000000000001
1000,256,2550x3300,1,1,3.0692460410064086,0.0005652
1000,256,1700x2200,2,8,6.177725916961208,0.00104385
1000,256,2550x3300,2,1,1.541032666922547,0.0009220500000000001
1000,256,2550x3300,1,3,3.7350192919839174,0.0005862
1000,256,1700x2200,3,8,4.205133333103731,0.0013497000000000001
1000,256,2550x3300,1,9,3.249438999919221,0.0005796
1000,256,2550x3300,1,5,3.625512041966431,0.0005784000000000001
1000,256,2550x3300,2,5,1.2786684579914436,0.00089565
1000,256,1700x2200,3,3,5.108925999957137,0.0013899000000000001
1000,256,1700x2200,3,4,4.46442091697827,0.0013617000000000002
1000,256,1700x2200,3,6,4.5401383329881355,0.0013527000000000003
1000,256,1700x2200,3,1,5.419423750019632,0.0014067
1000,256,1700x2200,3,2,5.474801874952391,0.0014157000000000002
1000,256,2550x3300,2,3,1.7759885831037536,0.0009292500000000001
1000,256,2550x3300,2,6,1.41727091697976,0.0009052500000000001
1000,256,2550x3300,2,9,1.37359329208266,0.00089565
1000,256,2550x3300,1,8,3.762441207887605,0.0006174
1000,256,2550x3300,2,4,2.0875061249826103,0.00094185
1000,256,1700x2200,3,7,5.076158249983564,0.0013863000000000002
1000,256,1700x2200,3,5,5.157537000020966,0.0014151000000000003
1000,256,2550x3300,1,10,3.9979405000340194,0.0006402000000000001
1000,512,850x1100,0,2,0.37891525006853044,0.00015375
1000,256,2550x3300,1,2,5.1058793750125915,0.000654
1000,512,850x1100,0,1,0.4114924999885261,0.00015375
1000,256,1700x2200,3,10,5.466745625017211,0.0014091000000000002
1000,512,850x1100,0,6,0.30398120800964534,0.00015375
1000,512,850x1100,0,5,0.3250107920030132,0.00015375
1000,512,850x1100,0,3,0.6033729580231011,0.00015375
1000,512,850x1100,0,4,0.3509161659749225,0.00015375
1000,256,1700x2200,3,9,5.725046875071712,0.0014157000000000002
1000,256,2550x3300,2,8,2.5542766659054905,0.00094305
1000,256,2550x3300,1,6,5.215207249973901,0.0006744
1000,256,2550x3300,2,7,2.7666843340266496,0.0009532500000000001
1000,512,850x1100,0,7,0.49486570805311203,0.00015375
1000,512,850x1100,0,10,0.7453576249536127,0.00015375
1000,512,850x1100,0,8,0.7485588749404997,0.00015375
1000,256,2550x3300,2,10,3.0849075840087608,0.00096765
1000,512,850x1100,0,9,0.767608750029467,0.00015375
1000,256,3400x4400,1,6,1.9150573749793693,0.0005706
1000,256,3400x4400,1,7,2.558430750039406,0.0005838
1000,256,3400x4400,1,9,2.2794965419452637,0.000576
1000,256,3400x4400,1,3,3.183041915996,0.0006180000000000001
1000,256,3400x4400,1,10,2.2901353330817074,0.0005874
1000,256,3400x4400,1,2,3.6615683749550954,0.0006360000000000001
1000,256,3400x4400,1,1,4.078348624985665,0.0006612
1000,256,3400x4400,1,4,3.4481384169775993,0.00063
1000,256,2550x3300,3,3,1.6270967919845134,0.0012849000000000003
1000,256,2550x3300,3,4,1.8280995830427855,0.0013005000000000002
1000,256,2550x3300,3,2,2.191963041899726,0.0013089
1000,256,3400x4400,1,5,4.322964332997799,0.0006726
1000,256,3400x4400,1,8,4.330477916984819,0.0006756
1000,256,2550x3300,3,1,3.041109458077699,0.0013737000000000003
1000,256,2550x3300,3,5,2.9123876250814646,0.0013551000000000001
1000,256,3400x4400,2,1,1.1039637910434976,0.00089565
1000,256,3400x4400,2,4,2.3699393330607563,0.00089565
1000,256,3400x4400,2,3,2.56105641706381,0.00089565
1000,512,850x1100,1,6,3.100324291968718,0.0004968
1000,512,850x1100,1,10,3.268708833027631,0.0004998
1000,512,850x1100,1,5,3.7642315829871222,0.0005316
1000,256,3400x4400,2,2,3.3740282090147957,0.0009478500000000001
1000,512,850x1100,1,2,4.268702999921516,0.0005454
1000,512,850x1100,1,3,4.265296625089832,0.000549
1000,256,2550x3300,3,6,4.548980624997057,0.0013749000000000003
1000,256,2550x3300,3,7,3.5892795419786125,0.0013161
1000,256,3400x4400,2,7,3.0393944160314277,0.00089565
1000,256,3400x4400,2,5,3.34586862497963,0.00089565
1000,512,850x1100,1,8,4.108914292068221,0.0005808
1000,256,3400x4400,2,6,2.976568749989383,0.00089565
1000,512,850x1100,1,1,4.626376750064082,0.000582
1000,512,850x1100,1,4,4.5942071250174195,0.0005880000000000001
1000,256,3400x4400,2,9,2.85964999999851,0.00089565
1000,512,850x1100,1,9,4.133727416978218,0.0005874
1000,256,3400x4400,2,10,2.8592394590377808,0.00089565
1000,512,850x1100,1,7,4.701080541010015,0.0005862
1000,512,1700x2200,0,1,1.7660382919711992,0.00015375
1000,512,1700x2200,0,2,1.7609608749626204,0.00015375
1000,512,1700x2200,0,3,1.6126318339956924,0.00015375
1000,256,2550x3300,3,8,4.795992041938007,0.0013701000000000002
1000,256,2550x3300,3,10,4.730087124975398,0.0013425000000000002
1000,512,1700x2200,0,5,1.9056907499907538,0.00015375
1000,512,1700x2200,0,4,1.9166074160020798,0.00015375
1000,512,850x1100,2,3,2.5617571669863537,0.00077145
1000,512,1700x2200,0,6,2.104365334031172,0.00015375
1000,512,1700x2200,0,7,2.1038732500746846,0.00015375
1000,512,1700x2200,0,8,2.1062134159728885,0.00015375
1000,512,850x1100,2,5,2.8395308749750257,0.0007744500000000001
1000,512,1700x2200,0,9,2.851283708936535,0.00015375
1000,512,850x1100,2,8,3.3611386659322307,0.00076545
1000,512,1700x2200,0,10,2.876281833043322,0.00015315
1000,512,850x1100,2,7,3.6546341250650585,0.00076905
1000,512,850x1100,2,4,3.842367916018702,0.0007888500000000001
1000,512,850x1100,2,6,3.6689806249924004,0.0007744500000000001
1000,256,2550x3300,3,9,7.2058684170478955,0.0014157000000000002
1000,256,3400x4400,3,3,4.347274083062075,0.0013179
1000,256,3400x4400,2,8,7.098987874924205,0.00100605
1000,256,3400x4400,3,1,4.895579707925208,0.0013647000000000002
1000,512,850x1100,2,2,5.20594654197339,0.0008464500000000001
1000,256,3400x4400,3,2,4.743348333984613,0.0013611
1000,512,850x1100,2,1,5.278223000001162,0.0008488500000000001
1000,512,850x1100,2,9,4.698870500084013,0.0008368500000000001
1000,512,850x1100,2,10,4.368358291918412,0.0008188500000000001
1000,256,3400x4400,3,5,4.3660159999271855,0.0013059
1000,256,3400x4400,3,4,4.622850666055456,0.0013377000000000003
1000,256,3400x4400,3,7,4.81473283295054,0.0013443000000000003
1000,256,3400x4400,3,6,6.109565582941286,0.0013551000000000001
1000,256,3400x4400,3,10,5.765020416001789,0.0013005000000000002
1000,512,850x1100,3,6,5.6545373749686405,0.0010413
1000,512,850x1100,3,5,5.679420541971922,0.0010395
1000,512,1700x2200,2,8,5.197815207997337,0.0009166500000000001
1000,512,2550x3300,0,5,3.0265799158951268,0.00015375
1000,512,2550x3300,0,2,3.196999041014351,0.00015375
1000,512,1700x2200,2,6,5.300690999953076,0.00091725
1000,512,2550x3300,0,1,3.229002458974719,0.00015375
1000,512,1700x2200,2,2,5.699335417011753,0.0009256500000000001
1000,512,2550x3300,0,3,3.085426500067115,0.00015375
1000,512,2550x3300,0,6,2.402312209014781,0.00015375
1000,512,1700x2200,1,2,6.5389484169427305,0.0006180000000000001
1000,512,2550x3300,0,4,3.0769631658913568,0.00015375
1000,512,1700x2200,1,3,6.618706624954939,0.0005976
1000,512,2550x3300,0,10,0.7329240000108257,0.00015375
1000,512,2550x3300,0,7,1.0622036249842495,0.00015375
1000,512,1700x2200,1,4,6.601535249967128,0.0006138000000000001
1000,512,2550x3300,0,9,0.7725248750066385,0.00015375
1000,512,2550x3300,0,8,0.9400548749836162,0.00015375
1000,512,1700x2200,2,9,4.771798541070893,0.0009334500000000002
1000,512,1700x2200,1,7,6.865840000100434,0.0006006000000000001
1000,512,1700x2200,2,5,6.051440625102259,0.0009442500000000001
1000,512,1700x2200,1,6,6.983275084057823,0.0006066000000000001
1000,512,850x1100,3,2,7.053432625019923,0.0010827
1000,512,1700x2200,2,1,6.6278541249921545,0.0009628500000000001
1000,512,1700x2200,2,3,6.443544875015505,0.00095985
1000,256,3400x4400,3,8,7.652991708018817,0.0013851000000000002
1000,512,850x1100,3,3,7.138776959036477,0.0010899
1000,512,850x1100,3,4,7.159738374990411,0.0010887000000000002
1000,512,850x1100,3,7,7.010689791990444,0.0010869
1000,512,1700x2200,2,4,6.568186749937013,0.0009664500000000001
1000,512,1700x2200,1,5,7.32344758301042,0.0006270000000000001
1000,512,850x1100,3,10,7.1182210420956835,0.0010881
1000,512,1700x2200,1,1,7.655632541049272,0.00066
1000,512,850x1100,3,8,7.244002499966882,0.0010923
1000,512,1700x2200,3,1,5.173859665985219,0.0013245000000000002
1000,512,3400x4400,0,1,0.32804283301811665,0.00015315
1000,512,2550x3300,1,1,1.3375951669877395,0.0005538
1000,512,3400x4400,0,3,0.30192512494977564,0.00015375
1000,512,850x1100,3,1,7.90599816699978,0.0011115
1000,512,3400x4400,0,2,0.453116916003637,0.00015375
1000,512,850x1100,3,9,7.68820999993477,0.0010941
1000,512,3400x4400,0,6,0.23367175005842,0.00015375
1000,512,3400x4400,0,4,0.3606582499342039,0.00015375
1000,512,3400x4400,0,5,0.27452624996658415,0.00015375
1000,512,3400x4400,0,7,0.2603929170873016,0.00015375
1000,512,1700x2200,1,9,7.874891917104833,0.0006324000000000001
1000,512,3400x4400,0,9,0.28652216703630984,0.00015315
1000,512,3400x4400,0,8,0.29171758401207626,0.00015315
1000,512,3400x4400,0,10,0.2535106670111418,0.00015375
1000,256,3400x4400,3,9,9.0120227499865,0.0014157000000000002
1000,512,1700x2200,1,10,8.302031082916074,0.0006546000000000001
1000,512,2550x3300,1,3,2.013993041939102,0.0005808
1000,512,1700x2200,3,4,6.521299583022483,0.0013725
1000,512,1700x2200,2,10,6.780405416036956,0.00101085
1000,512,2550x3300,1,5,2.0915638339938596,0.0005856
1000,512,1700x2200,3,3,6.999516582931392,0.0013707000000000003
1000,512,1700x2200,1,8,9.132783332956024,0.0006708
1000,512,1700x2200,2,7,8.499058832996525,0.00104385
1000,512,2550x3300,1,9,2.265813666046597,0.0005909999999999999
1000,512,2550x3300,1,2,2.999731875024736,0.0006084
1000,512,1700x2200,3,10,6.203244625008665,0.0013881000000000002
1000,512,1700x2200,3,6,6.618637457955629,0.0013935000000000002
1000,512,1700x2200,3,8,6.582314624916762,0.0014013
1000,512,1700x2200,3,9,6.561473667039536,0.0013983
1000,512,2550x3300,1,10,2.7398302078945562,0.0006042
1000,512,1700x2200,3,7,7.167648583068512,0.0014217000000000001
1000,512,1700x2200,3,5,7.941712999949232,0.0014373000000000003
1000,512,2550x3300,1,8,3.0482171250041574,0.0006270000000000001
1000,512,1700x2200,3,2,8.185092582949437,0.0014391
1000,512,2550x3300,2,1,1.2694399170577526,0.00091725
1000,512,2550x3300,2,2,1.5026873340830207,0.0009130500000000001
1000,512,2550x3300,1,4,3.806255624978803,0.0006522
1000,512,2550x3300,1,6,4.2453128329943866,0.0006654
1000,512,2550x3300,1,7,4.212264082976617,0.0006612
1000,512,2550x3300,2,6,1.7673904999392107,0.00089565
1000,512,2550x3300,2,4,2.037461749976501,0.00091965
1000,512,2550x3300,2,3,2.415915915975347,0.0009298500000000001
1000,1000,850x1100,0,1,1.2581825419329107,0.00015315
1000,512,2550x3300,2,5,2.7636887499829754,0.0009484500000000001
1000,512,2550x3300,2,9,1.5881444580154493,0.00089565
1000,1000,850x1100,0,2,1.1480715000070632,0.00015315
1000,1000,850x1100,0,4,1.0565478750504553,0.00015375
1000,1000,850x1100,0,3,1.2829390830593184,0.00015375
1000,1000,850x1100,0,5,0.9459933340549469,0.00015375
1000,512,2550x3300,2,7,2.7183257089927793,0.0009658500000000001
1000,512,3400x4400,1,3,2.499007166014053,0.0005874
1000,1000,850x1100,0,6,0.7031785420840606,0.00015375
1000,1000,850x1100,0,8,0.4808161250548437,0.00015375
1000,1000,850x1100,0,7,0.5009810829069465,0.00015375
1000,1000,850x1100,0,9,0.2644895419944078,0.00015375
1000,512,3400x4400,1,1,2.999454875010997,0.0006048000000000001
1000,1000,850x1100,0,10,0.3120571249164641,0.00015375
1000,512,3400x4400,1,2,2.8865232500247657,0.0005856
1000,512,3400x4400,1,4,2.6485198329901323,0.0005952
1000,512,2550x3300,2,10,2.2776157499756664,0.0009310500000000001
1000,512,3400x4400,1,5,3.0695181250339374,0.0006084
1000,512,3400x4400,1,7,2.63931566698011,0.0005784000000000001
1000,512,2550x3300,2,8,2.9041914170375094,0.0009520500000000001
1000,512,3400x4400,1,8,2.3224021670175716,0.0005724
1000,512,3400x4400,1,6,3.6715497499099,0.0006018
1000,512,3400x4400,1,10,2.8790520830079913,0.000612
1000,512,3400x4400,1,9,3.3094947499921545,0.0006168
1000,512,2550x3300,3,1,2.451272999984212,0.0013227000000000002
1000,512,3400x4400,2,2,1.9681842919671908,0.00089565
1000,512,3400x4400,2,1,2.1157357500633225,0.00089565
1000,512,3400x4400,2,3,3.20396420895122,0.00090645
1000,512,2550x3300,3,2,4.08453654195182,0.0013857000000000003
1000,512,2550x3300,3,3,5.024375958018936,0.0013761000000000001
1000,1000,850x1100,1,1,4.661217082990333,0.0005358
1000,512,2550x3300,3,4,5.361573625006713,0.0014271
1000,512,3400x4400,2,6,3.8011102919699624,0.00089565
1000,1000,850x1100,1,6,4.519411875051446,0.0005148
1000,512,3400x4400,2,5,3.9683705419301987,0.00089565
1000,512,2550x3300,3,9,4.475967542035505,0.0013245000000000002
1000,512,2550x3300,3,7,4.8636038328986615,0.0013689000000000002
1000,1000,850x1100,1,2,4.672679250012152,0.0005382000000000001
1000,512,3400x4400,2,4,4.104118708986789,0.00089565
1000,512,2550x3300,3,5,5.040008791023865,0.0013905
1000,512,3400x4400,2,7,3.7319479170255363,0.00089565
1000,512,3400x4400,2,8,3.5634711669990793,0.00089565
1000,512,3400x4400,2,9,3.492123082978651,0.00089565
1000,512,3400x4400,2,10,3.385531541076489,0.00089565
1000,1000,850x1100,1,8,4.691224125097506,0.0005454
1000,1000,850x1100,1,10,5.361114375060424,0.0005466
1000,1000,850x1100,1,4,5.5486578330164775,0.000582
1000,512,2550x3300,3,8,6.756544166011736,0.0013953000000000001
1000,1000,850x1100,1,5,6.742102375021204,0.000585
1000,1000,850x1100,1,9,6.600671416963451,0.0005682
1000,1000,850x1100,2,1,4.776946916943416,0.0007744500000000001
1000,1000,850x1100,2,4,4.733924207976088,0.0007744500000000001
1000,1000,850x1100,2,8,4.487847208976746,0.0007720500000000001
1000,512,2550x3300,3,10,7.246544832945801,0.0013665000000000003
1000,512,2550x3300,3,6,7.900829000049271,0.0014445000000000003
1000,1000,850x1100,1,3,7.589182625059038,0.0005952
1000,1000,850x1100,2,3,4.785219207988121,0.00076725
1000,1000,850x1100,1,7,7.956330124987289,0.0005946
1000,1000,850x1100,2,5,5.651717290980741,0.0008230500000000001
1000,1000,850x1100,2,2,5.713367125019431,0.0007984500000000001
1000,1000,850x1100,2,6,5.6576484580291435,0.0008260500000000002
1000,1000,850x1100,2,7,5.826169750071131,0.00083805
1000,1000,850x1100,2,9,5.3346854579867795,0.0008272500000000001
1000,1000,850x1100,2,10,5.64230895799119,0.0007828500000000001
1000,512,3400x4400,3,3,5.6889430419541895,0.0013629000000000002
1000,512,3400x4400,3,1,5.985424333019182,0.0013821000000000003
1000,512,3400x4400,3,7,5.256938625010662,0.0012915000000000001
1000,512,3400x4400,3,5,5.542120041907765,0.0013041000000000003
1000,1000,1700x2200,0,5,4.739665457978845,0.00015375
1000,1000,1700x2200,0,2,4.749766708002426,0.00015375
1000,1000,1700x2200,0,3,4.856343375053257,0.00015315
1000,1000,1700x2200,0,6,4.917014500009827,0.00015375
1000,1000,1700x2200,0,8,4.876620333059691,0.00015375
1000,1000,1700x2200,0,4,4.948097375105135,0.00015375
1000,1000,1700x2200,0,1,4.953243040945381,0.00015375
1000,512,3400x4400,3,2,6.2673547079321,0.0013917
1000,1000,1700x2200,0,10,4.796443375060335,0.00015375
1000,1000,1700x2200,0,7,4.9312246249755844,0.00015375
1000,1000,1700x2200,0,9,4.891414290992543,0.00015375
1000,512,3400x4400,3,4,6.116689042071812,0.0013809000000000002
1000,1000,2550x3300,0,2,2.068141207913868,0.00015375
1000,1000,2550x3300,0,6,1.8899715410079807,0.00015375
1000,1000,2550x3300,0,1,2.0722670420072973,0.00015375
1000,1000,2550x3300,0,5,1.9683723750058562,0.00015375
1000,1000,2550x3300,0,3,2.0357395000755787,0.00015375
1000,512,3400x4400,3,6,7.807832916965708,0.0013623
1000,1000,2550x3300,0,4,2.3002710409928113,0.00015375
1000,512,3400x4400,3,8,7.944238958996721,0.0013497000000000001
1000,1000,2550x3300,0,7,0.6556077080313116,0.00015315
1000,1000,2550x3300,0,8,0.7308537920471281,0.00015375
1000,1000,1700x2200,2,9,3.4467953339917585,0.0009220500000000001
1000,1000,2550x3300,0,10,0.7427299589617178,0.00015375
1000,1000,1700x2200,2,1,4.361808791989461,0.0009346500000000001
1000,512,3400x4400,3,9,8.214224167051725,0.0013485000000000003
1000,1000,850x1100,3,2,8.147624791017734,0.0010893
1000,512,3400x4400,3,10,8.194103624904528,0.0013293000000000003
1000,1000,1700x2200,1,2,7.110927083063871,0.0005766
1000,1000,2550x3300,0,9,1.0874092079466209,0.00015375
1000,1000,850x1100,3,10,7.969828709028661,0.0010695000000000001
1000,1000,1700x2200,2,2,4.8874828750267625,0.00094905
1000,1000,850x1100,3,4,8.505454249912873,0.0010881
1000,1000,1700x2200,2,8,4.1889577499823645,0.0009424500000000001
1000,1000,1700x2200,2,5,4.648222374962643,0.0009484500000000001
1000,1000,1700x2200,2,10,4.248483416042291,0.0009472500000000001
1000,1000,850x1100,3,3,8.904484958038665,0.0011211
1000,1000,1700x2200,1,1,8.395480500068516,0.0005994
1000,1000,1700x2200,1,9,5.670696124900132,0.0005928000000000001
1000,1000,1700x2200,1,5,6.627304417081177,0.0005958000000000001
1000,1000,850x1100,3,9,8.627611874951981,0.0010797
1000,1000,2550x3300,1,2,1.67630112497136,0.0005538
1000,1000,2550x3300,1,10,1.0154719579732046,0.000528
1000,1000,1700x2200,1,8,6.283143374952488,0.000603
1000,1000,1700x2200,3,3,4.032353791990317,0.0013125
1000,1000,1700x2200,1,10,6.32438954198733,0.0006042
1000,1000,850x1100,3,5,9.614963709027506,0.0011103
1000,1000,850x1100,3,7,9.357963041053154,0.0010923
1000,1000,1700x2200,3,2,4.817686166032217,0.0013221000000000003
1000,1000,1700x2200,2,3,6.15523691708222,0.00096405
1000,1000,850x1100,3,6,9.823278083000332,0.0011043
1000,1000,850x1100,3,8,9.509189625037834,0.0011019
1000,1000,850x1100,3,1,10.079906957922503,0.0010899
1000,1000,1700x2200,2,7,5.931701749912463,0.00098145
1000,1000,3400x4400,0,1,0.5767635829979554,0.00015375
1000,1000,1700x2200,1,4,7.827696625026874,0.00063
1000,1000,2550x3300,1,5,2.3541329168947414,0.000573
1000,1000,3400x4400,0,2,0.6352243750588968,0.00015375
1000,1000,3400x4400,0,4,0.5637382089626044,0.00015375
1000,1000,3400x4400,0,3,0.5894436669768766,0.00015375
1000,1000,3400x4400,0,6,0.5168718749191612,0.00015375
1000,1000,3400x4400,0,5,0.5328425840707496,0.00015375
1000,1000,2550x3300,1,7,2.202242291998118,0.0005712
1000,1000,3400x4400,0,8,0.2615705409552902,0.00015375
1000,1000,3400x4400,0,7,0.4080041670240462,0.00015375
1000,1000,1700x2200,1,6,8.092781790997833,0.000639
1000,1000,1700x2200,1,7,7.35625891701784,0.0006396
1000,1000,3400x4400,0,9,0.27191358304116875,0.00015375
1000,1000,1700x2200,1,3,9.502003666944802,0.0006450000000000001
1000,1000,3400x4400,0,10,0.3731839170213789,0.00015375
1000,1000,1700x2200,3,10,4.770473791053519,0.0013461
1000,1000,1700x2200,3,6,4.973944457946345,0.0013563000000000004
1000,1000,1700x2200,2,6,6.61083583405707,0.00101085
1000,1000,2550x3300,2,4,1.5463777920231223,0.00091725
1000,1000,2550x3300,2,1,2.156168457935564,0.0009484500000000001
1000,1000,1700x2200,3,9,5.353750208974816,0.0013689000000000002
1000,1000,1700x2200,3,8,5.40680583298672,0.0013629000000000002
1000,1000,1700x2200,3,4,5.7722509580198675,0.0013821000000000003
1000,1000,2550x3300,2,2,2.1170189579715952,0.0009556500000000002
1000,1000,2550x3300,1,1,4.089897250058129,0.0006336
1000,1000,2550x3300,1,4,3.637714958982542,0.0006257999999999999
1000,1000,2550x3300,2,3,2.121481208014302,0.0009484500000000001
1000,1000,2550x3300,1,9,3.208172000013292,0.0006138000000000001
1000,1000,1700x2200,2,4,7.763831499963999,0.00104325
1000,1000,2550x3300,1,3,4.1575469999806955,0.0006432
1000,1000,2550x3300,1,6,3.951436790986918,0.0006306
1000,1000,2550x3300,2,8,1.458240250009112,0.0009298500000000001
1000,1000,2550x3300,2,6,1.7986816669581458,0.00094185
1000,1000,2550x3300,2,9,1.0978605420095846,0.00091725
1000,1000,2550x3300,1,8,4.011470124940388,0.0006498000000000001
1000,1000,1700x2200,3,7,6.389402207918465,0.0014139
1000,1000,1700x2200,3,5,6.686128207948059,0.0014271
1000,1000,1700x2200,3,1,7.704417999950238,0.0014517000000000002
1000,1000,2550x3300,2,7,2.289032790926285,0.0009556500000000002
1000,1000,2550x3300,2,10,1.4803671250119805,0.0009310500000000001
5000,256,850x1100,0,1,0.9358020001091063,0.0007609499999999999
5000,256,850x1100,0,4,1.0785880830371752,0.0007609499999999999
5000,256,850x1100,0,2,1.8961380830733106,0.00077535
5000,256,850x1100,0,5,1.836072291014716,0.00077595
5000,256,850x1100,0,3,1.8950446660164744,0.00077595
5000,256,850x1100,0,6,1.8131645829416811,0.00077775
5000,256,850x1100,0,7,1.6571217919699848,0.00077535
5000,256,850x1100,0,9,1.7085867499699816,0.00077595
5000,256,850x1100,0,10,1.5310537919867784,0.00077775
1000,1000,3400x4400,1,2,2.6417888330761343,0.0005724
1000,1000,2550x3300,2,5,5.085385541897267,0.00104505
1000,1000,3400x4400,1,4,2.6057841670699418,0.000573
1000,1000,3400x4400,1,10,2.1096507080364972,0.0005694000000000001
1000,1000,3400x4400,1,7,2.688602334004827,0.0005772
1000,1000,3400x4400,1,1,3.606787250027992,0.0006090000000000001
1000,1000,3400x4400,1,8,3.254438125062734,0.0006024
1000,1000,3400x4400,1,5,3.6694424590095878,0.000606
1000,1000,3400x4400,1,9,3.1357587500242516,0.0006066000000000001
1000,1000,3400x4400,1,3,4.316869999980554,0.0006353999999999999
1000,1000,2550x3300,3,1,1.5181217499775812,0.0013053000000000001
1000,1000,3400x4400,1,6,4.183094832929783,0.000621
1000,1000,2550x3300,3,2,1.3289399999193847,0.0012909000000000002
5000,256,850x1100,0,8,4.855150084011257,0.00090555
1000,1000,3400x4400,2,2,1.3719064589822665,0.00089565
1000,1000,3400x4400,2,1,1.5208056659903377,0.00089565
5000,256,850x1100,1,1,2.0606126250931993,0.0010614
1000,1000,2550x3300,3,5,2.4127049579983577,0.0013041000000000003
1000,1000,2550x3300,3,6,2.672617792035453,0.0013161
1000,1000,3400x4400,2,4,1.8622343750903383,0.00089565
1000,1000,3400x4400,2,3,2.008902959059924,0.00089565
1000,1000,2550x3300,3,4,3.0697307909140363,0.0013341000000000004
5000,256,850x1100,1,2,2.279315375024453,0.001062
1000,1000,3400x4400,2,5,2.335941124940291,0.00089565
5000,256,850x1100,1,3,2.4399515410186723,0.0010662
5000,256,850x1100,1,4,2.441084875026718,0.0010662
1000,1000,3400x4400,2,6,2.378990833996795,0.00089565
1000,1000,2550x3300,3,3,4.313037208979949,0.0014001000000000003
5000,256,850x1100,1,5,2.5488535829354078,0.001062
1000,1000,3400x4400,2,7,3.0906814170302823,0.00089565
5000,256,850x1100,1,7,3.0989282079972327,0.001062
5000,256,850x1100,1,6,3.3435209579765797,0.0010662
5000,256,850x1100,1,8,3.095413458067924,0.0010614
5000,256,850x1100,1,9,2.965314207947813,0.0010614
5000,256,850x1100,1,10,2.9623976669972762,0.001062
1000,1000,3400x4400,2,9,2.8548982919892296,0.00089565
1000,1000,2550x3300,3,8,3.6549031670438126,0.0013293000000000003
1000,1000,3400x4400,2,10,3.5228929159929976,0.00089565
5000,256,1700x2200,0,3,2.5990957079920918,0.00076935
5000,256,1700x2200,0,4,2.591464207973331,0.00076935
5000,256,1700x2200,0,2,2.7912296670256183,0.00077775
5000,256,1700x2200,0,5,2.594855915987864,0.00077775
5000,256,1700x2200,0,6,2.606344750034623,0.00077535
5000,256,1700x2200,0,1,3.2148357500554994,0.00077535
5000,256,850x1100,2,4,2.3947243749862537,0.0013552500000000001
5000,256,1700x2200,0,7,2.809572165948339,0.0007741499999999999
1000,1000,2550x3300,3,7,5.396796875051223,0.0014109000000000003
5000,256,1700x2200,0,8,2.0115035419585183,0.00077775
5000,256,1700x2200,0,10,2.0059111249865964,0.00077295
5000,256,850x1100,2,1,2.772742792032659,0.00136185
1000,1000,2550x3300,3,9,5.076396250049584,0.0013563000000000004
1000,1000,3400x4400,2,8,4.89312866597902,0.00094305
5000,256,1700x2200,0,9,2.4556093339342624,0.0007789499999999999
5000,256,850x1100,2,3,3.3043297920376062,0.0013984499999999999
1000,1000,2550x3300,3,10,6.009497291990556,0.0013623
1000,1000,3400x4400,3,1,4.06894862500485,0.0013431
5000,256,850x1100,2,6,3.946539166965522,0.00135285
1000,1000,3400x4400,3,4,4.040430749999359,0.0012927000000000001
5000,256,850x1100,2,2,4.620681833010167,0.0014428499999999999
1000,1000,3400x4400,3,2,4.384276625001803,0.0013605
5000,256,850x1100,2,5,4.5767517919884995,0.00142005
5000,256,850x1100,2,7,4.422436041990295,0.00141705
5000,256,850x1100,2,8,4.5118317500455305,0.00142605
1000,1000,3400x4400,3,6,5.060190959018655,0.0013431
5000,256,850x1100,2,10,5.464044833090156,0.00143505
1000,1000,3400x4400,3,3,6.483458749949932,0.0014301000000000003
1000,1000,3400x4400,3,9,5.74584191699978,0.0012969000000000004
5000,256,1700x2200,1,10,5.838139042025432,0.0011580000000000002
1000,1000,3400x4400,3,10,6.459599583991803,0.0013131000000000002
1000,1000,3400x4400,3,5,8.382705874973908,0.0013791
5000,256,850x1100,3,9,7.26911670807749,0.0016533000000000001
5000,256,2550x3300,0,1,3.8680184159893543,0.00077775
5000,256,1700x2200,1,4,7.772075582994148,0.0011934
5000,256,2550x3300,0,5,2.488603083998896,0.00077535
5000,256,2550x3300,0,2,3.637713917065412,0.00077595
5000,256,2550x3300,0,3,3.038502333103679,0.00077595
5000,256,2550x3300,0,6,1.5866573749808595,0.00077535
5000,256,850x1100,2,9,8.585467332974076,0.0014716500000000001
5000,256,2550x3300,0,7,1.660190499969758,0.00077775
5000,256,2550x3300,0,9,0.6117166249314323,0.0007609499999999999
5000,256,1700x2200,1,3,8.193839541985653,0.0012024000000000002
5000,256,850x1100,3,6,8.0905441660434,0.0016785
5000,256,1700x2200,1,7,7.743212207918987,0.001194
5000,256,2550x3300,0,4,3.0274047090206295,0.00077775
5000,256,1700x2200,1,1,8.395188458031043,0.0012198
1000,1000,3400x4400,3,8,8.884572000009939,0.0013791
5000,256,1700x2200,3,4,5.795920541975647,0.0019119000000000002
5000,256,1700x2200,2,2,7.337065750034526,0.0015670500000000002
5000,256,850x1100,3,2,8.518870708998293,0.0016911
5000,256,1700x2200,2,5,7.221206750022247,0.00156225
5000,256,1700x2200,1,5,8.5727930420544,0.0012132000000000002
5000,256,1700x2200,1,8,8.298723625019193,0.0012066
5000,256,1700x2200,1,2,8.903366542072035,0.0012198
5000,256,2550x3300,0,10,1.304913125000894,0.00077535
1000,1000,3400x4400,3,7,9.606939250021242,0.0014145000000000002
5000,256,2550x3300,0,8,1.5865392499836162,0.00077775
5000,256,1700x2200,2,1,8.365498041035607,0.0015790500000000002
5000,256,1700x2200,1,6,9.39538916607853,0.0012348
5000,256,1700x2200,2,7,8.380773833952844,0.0015940500000000003
5000,256,850x1100,3,5,9.781548665952869,0.0017247
5000,256,850x1100,3,7,9.967481833067723,0.0017258999999999998
5000,256,1700x2200,2,8,8.875540499924682,0.00161025
5000,256,850x1100,3,3,10.31429191690404,0.0017451
5000,256,1700x2200,1,9,9.808424541959539,0.0012546000000000002
5000,256,850x1100,3,10,10.218173291999847,0.0017397
5000,256,850x1100,3,8,10.349985708016902,0.0017355
5000,256,1700x2200,2,4,9.197352124960162,0.0016264500000000002
5000,256,850x1100,3,1,10.569035625085235,0.0017547
5000,256,850x1100,3,4,10.530056333984248,0.0017547
5000,256,1700x2200,2,6,9.19731108401902,0.00162465
5000,256,2550x3300,1,3,2.6149038340663537,0.0011856000000000002
5000,256,2550x3300,1,4,2.543424207950011,0.0011868
5000,256,1700x2200,2,3,10.243643458001316,0.0016456500000000002
5000,256,1700x2200,3,6,8.23753091704566,0.0020025
5000,256,2550x3300,2,1,2.1661355420947075,0.0015226500000000002
5000,256,2550x3300,2,5,1.3487336670514196,0.00150225
5000,256,1700x2200,2,9,10.222326791030355,0.0016456500000000002
5000,256,1700x2200,2,10,10.195326040964574,0.0016456500000000002
5000,256,3400x4400,0,2,1.4682085419772193,0.00077775
5000,256,1700x2200,3,3,9.575583749916404,0.0020157000000000005
5000,256,3400x4400,0,1,1.485459833056666,0.00077535
5000,256,1700x2200,3,2,10.010952458018437,0.0020157000000000005
5000,256,3400x4400,0,3,1.5012017498956993,0.00077595
5000,256,2550x3300,1,9,3.243001958937384,0.0012024000000000002
5000,256,1700x2200,3,1,10.144852499943227,0.0020157000000000005
5000,256,2550x3300,1,10,3.1959060840308666,0.0012096000000000001
5000,256,2550x3300,1,6,3.5169049170799553,0.0012180000000000001
5000,256,3400x4400,0,4,1.4491381669649854,0.00077775
5000,256,3400x4400,0,5,1.3986090830294415,0.00077595
5000,256,2550x3300,1,2,3.8584089159267023,0.0012222000000000001
5000,256,3400x4400,0,6,1.370799291995354,0.00077535
5000,256,1700x2200,3,7,8.496355124982074,0.0020157000000000005
5000,256,3400x4400,0,7,1.4351857079891488,0.00077775
5000,256,1700x2200,3,5,8.62961991596967,0.0020157000000000005
5000,256,1700x2200,3,9,8.326878792024218,0.0020157000000000005
5000,256,1700x2200,3,8,8.544803166994825,0.0020157000000000005
5000,256,1700x2200,3,10,8.35748462495394,0.0020157000000000005
5000,256,2550x3300,1,1,4.244737499975599,0.0012174000000000002
5000,256,3400x4400,0,10,1.4088065000250936,0.00076935
5000,256,2550x3300,1,5,3.9949370410759,0.0012204000000000002
5000,256,2550x3300,2,6,1.9269216250395402,0.0015196500000000002
5000,256,3400x4400,0,9,1.669422124978155,0.00077535
5000,256,2550x3300,2,2,2.650438458076678,0.0015568500000000002
5000,256,3400x4400,0,8,1.8387219170108438,0.00077775
5000,256,2550x3300,2,3,2.443717333022505,0.00155505
5000,256,2550x3300,2,10,1.7494692920008674,0.0015160500000000001
5000,256,2550x3300,2,4,2.38908224995248,0.00155445
5000,256,2550x3300,1,7,4.628409707918763,0.0012606
5000,512,850x1100,0,1,1.045894999988377,0.00077775
5000,256,2550x3300,2,9,2.8956254579825327,0.00155265
5000,512,850x1100,0,3,1.121977417031303,0.0007609499999999999
5000,256,2550x3300,1,8,5.066189791075885,0.0012756
5000,512,850x1100,0,5,1.1815760829485953,0.00076815
5000,512,850x1100,0,2,1.6205531250452623,0.00077235
5000,256,2550x3300,2,8,3.44090445805341,0.0015790500000000002
5000,512,850x1100,0,4,1.5008172079687938,0.00077775
5000,512,850x1100,0,6,1.646527290926315,0.00077775
5000,512,850x1100,0,10,1.3599692500429228,0.0007549499999999999
5000,256,2550x3300,2,7,4.44677924993448,0.00162225
5000,512,850x1100,0,7,1.711416249978356,0.00077595
5000,256,3400x4400,1,2,2.1415459170239046,0.0011496
5000,512,850x1100,0,8,1.7828832920640707,0.0007735499999999999
5000,256,3400x4400,1,1,2.510613291990012,0.00117
5000,512,850x1100,0,9,1.7988275829702616,0.00077535
5000,256,3400x4400,1,7,1.5401461669243872,0.0011304
5000,256,3400x4400,1,3,2.3223192499717698,0.0011568000000000001
5000,256,3400x4400,1,4,2.3849047500407323,0.0011646
5000,256,3400x4400,1,8,2.146035249927081,0.0011532
5000,256,2550x3300,3,1,4.461100165965036,0.0020157000000000005
5000,256,3400x4400,1,5,3.244168374920264,0.001203
5000,256,2550x3300,3,2,4.601766915991902,0.0020157000000000005
5000,256,2550x3300,3,3,4.586944125010632,0.0020157000000000005
5000,256,3400x4400,1,6,3.217542292084545,0.0011988
5000,256,3400x4400,1,9,3.062721790978685,0.0012096000000000001
5000,256,2550x3300,3,4,4.885823416057974,0.0020157000000000005
5000,256,2550x3300,3,5,4.82199316599872,0.0020157000000000005
5000,256,3400x4400,1,10,3.3549442080548033,0.001227
5000,512,850x1100,1,2,0.7603065830189735,0.0010434
5000,256,2550x3300,3,6,5.2120377499377355,0.0020157000000000005
5000,512,850x1100,1,4,1.0139478329801932,0.0010434
5000,512,850x1100,1,1,1.1692744171014056,0.0010626000000000001
5000,512,850x1100,1,3,1.3672522500855848,0.001062
5000,512,850x1100,1,5,1.90245154092554,0.0010614
5000,512,850x1100,1,6,2.541183291003108,0.0010614
5000,512,850x1100,1,7,2.525726833031513,0.0010662
5000,256,2550x3300,3,7,4.654548500082456,0.0020025
5000,512,850x1100,1,10,2.5252436250448227,0.0010662
5000,512,850x1100,1,9,2.686553291976452,0.001062
5000,512,850x1100,1,8,2.711943709058687,0.0010662
5000,256,3400x4400,2,2,3.2615288749802858,0.00154365
5000,256,3400x4400,2,6,2.9614896670682356,0.0015346500000000003
5000,256,3400x4400,2,3,3.4204619999509305,0.00157665
5000,256,3400x4400,2,4,2.934687542030588,0.00153525
5000,256,2550x3300,3,8,4.6627557090250775,0.0020157000000000005
5000,256,3400x4400,2,1,3.2691858749603853,0.00156465
5000,512,1700x2200,0,7,1.8222337500192225,0.00076515
5000,256,2550x3300,3,9,5.379591374890879,0.0020157000000000005
5000,512,1700x2200,0,1,3.234539958066307,0.00077535
5000,512,1700x2200,0,8,1.6428094160510227,0.00075915
5000,512,1700x2200,0,2,2.4896774580702186,0.00076935
5000,256,2550x3300,3,10,5.474987542023882,0.0020157000000000005
5000,512,1700x2200,0,10,3.1148637909209356,0.00077775
5000,512,1700x2200,0,6,3.3182845420669764,0.00077535
5000,512,1700x2200,0,3,3.7931947499746457,0.00077595
5000,512,850x1100,2,7,3.47499500005506,0.00135045
5000,512,1700x2200,0,4,3.792385458946228,0.00077775
5000,512,1700x2200,0,5,3.363931250059977,0.00077595
5000,256,3400x4400,2,5,5.773319541011006,0.00156165
5000,512,1700x2200,0,9,3.1461553749395534,0.00077775
5000,512,850x1100,2,8,3.6473537910496816,0.0013480500000000002
5000,256,3400x4400,2,10,5.875258209067397,0.0015568500000000002
5000,256,3400x4400,2,7,6.32792937499471,0.00156825
5000,512,850x1100,2,6,4.60451400000602,0.00141045
5000,512,850x1100,2,5,4.6177895000437275,0.0013822500000000002
5000,512,850x1100,2,9,4.016544249956496,0.00136485
5000,512,850x1100,2,2,5.065323624992743,0.00144765
5000,256,3400x4400,2,8,6.887025916017592,0.00163965
5000,512,850x1100,2,1,5.085699875024147,0.00144465
5000,512,850x1100,2,4,5.01012900006026,0.00143445
5000,512,850x1100,2,3,5.130391167011112,0.00145425
5000,256,3400x4400,2,9,6.810433499980718,0.0016456500000000002
5000,256,3400x4400,3,1,4.993280166992918,0.0020157000000000005
5000,512,850x1100,2,10,4.5027416669763625,0.0014308500000000002
5000,512,850x1100,3,1,4.086080375011079,0.0016251000000000002
5000,256,3400x4400,3,2,5.593417291995138,0.0020157000000000005
5000,256,3400x4400,3,3,6.416795333963819,0.0020157000000000005
5000,512,850x1100,3,7,5.0133594159269705,0.0016269
5000,512,1700x2200,1,3,5.885978917009197,0.0011868
5000,512,1700x2200,2,1,3.946196125005372,0.0015154500000000002
5000,512,850x1100,3,3,6.1377804999938235,0.0016713
5000,512,1700x2200,2,8,3.7254365000408143,0.0015184500000000002
5000,512,1700x2200,1,1,6.342816458083689,0.0012138000000000001
5000,512,1700x2200,1,2,6.31567162508145,0.0012108000000000002
5000,256,3400x4400,3,4,7.501167666981928,0.0020157000000000005
5000,512,850x1100,3,6,6.552869666018523,0.0016827
5000,512,2550x3300,0,1,3.3934316250961274,0.00077775
5000,512,1700x2200,3,6,3.1630868749925867,0.0018693000000000002
5000,512,2550x3300,0,2,2.867594583076425,0.0007609499999999999
5000,512,850x1100,3,5,6.98779183300212,0.0016994999999999998
5000,512,1700x2200,2,5,5.054569958010688,0.0015520500000000001
5000,512,1700x2200,3,10,3.2363040409982204,0.0018771000000000003
5000,256,3400x4400,3,5,8.234620417002589,0.0020157000000000005
5000,512,2550x3300,0,3,3.3144211660837755,0.00077535
5000,512,2550x3300,0,9,1.272518542013131,0.00077535
5000,512,2550x3300,0,6,1.6570034159813076,0.00077535
5000,512,1700x2200,1,7,7.22620250005275,0.001194
5000,512,850x1100,3,2,7.543878042022698,0.0017103
5000,512,1700x2200,1,5,7.300368999945931,0.0011958000000000001
5000,512,1700x2200,2,4,5.5174876670353115,0.0015598500000000002
5000,512,2550x3300,0,4,2.622307874960825,0.00077775
5000,512,2550x3300,0,5,2.610546624986455,0.00077775
5000,512,2550x3300,0,8,1.5951932079624385,0.00077775
5000,512,2550x3300,0,7,1.6011024169856682,0.00077775
5000,512,1700x2200,2,9,5.2503007089253515,0.00154725
5000,512,2550x3300,0,10,1.6020149170653895,0.0007789499999999999
5000,512,1700x2200,1,6,7.734837666968815,0.0012018
5000,512,1700x2200,1,9,7.694031000020914,0.0012012000000000001
5000,256,3400x4400,3,6,9.217627416015603,0.0020157000000000005
5000,512,1700x2200,1,4,8.315238957991824,0.0012138000000000001
5000,512,1700x2200,2,2,6.501972458092496,0.0015820500000000002
5000,512,1700x2200,2,7,6.404626291943714,0.0015784500000000001
5000,512,1700x2200,1,8,8.303861667052843,0.001221
5000,256,3400x4400,3,8,9.363982958951965,0.0020157000000000005
5000,256,3400x4400,3,7,9.521326291025616,0.0020157000000000005
5000,512,1700x2200,1,10,7.1642696659546345,0.0012288
5000,256,3400x4400,3,9,9.25625295797363,0.0020157000000000005
5000,512,1700x2200,3,8,5.3409998749848455,0.0019323
5000,512,2550x3300,1,3,2.3882308750180528,0.0011736000000000001
5000,512,1700x2200,2,3,7.093276917003095,0.00160785
5000,512,1700x2200,2,6,7.620376167003997,0.0016234500000000002
5000,512,850x1100,3,10,9.63793387496844,0.0017517
5000,512,2550x3300,2,1,2.033361708978191,0.00153585
5000,512,3400x4400,0,1,1.2715470420662314,0.00077595
5000,512,3400x4400,0,3,1.1938046249561012,0.00077595
5000,512,1700x2200,3,5,6.3986160000786185,0.0019647
5000,512,3400x4400,0,6,0.9493119170656428,0.0007735499999999999
5000,512,3400x4400,0,4,1.2025175839662552,0.00077535
5000,256,3400x4400,3,10,10.34343341703061,0.0020157000000000005
5000,512,3400x4400,0,5,1.2277552499435842,0.00077775
5000,512,2550x3300,1,5,3.33602933306247,0.001206
5000,512,2550x3300,1,1,3.951368000009097,0.0012234000000000001
5000,512,3400x4400,0,7,1.0686279999790713,0.00076935
5000,512,3400x4400,0,8,0.6875782499555498,0.00075375
5000,512,2550x3300,1,8,3.1374504580162466,0.001206
5000,512,2550x3300,1,6,3.3199921670602635,0.0012078000000000002
5000,512,850x1100,3,9,10.327149291988462,0.0017757
5000,512,3400x4400,0,2,1.8352355409879237,0.00077775
5000,512,1700x2200,3,1,7.600675708032213,0.0020079000000000004
5000,512,2550x3300,1,2,4.112977124983445,0.0012192
5000,512,2550x3300,1,9,3.3954919580137357,0.0012042
5000,512,2550x3300,2,4,1.8441878749290481,0.00153285
5000,512,3400x4400,0,9,1.1872075001010671,0.00077775
5000,512,3400x4400,0,10,0.949400500045158,0.00076935
5000,512,2550x3300,1,4,4.121102375094779,0.0012378
5000,512,2550x3300,1,7,3.873766832984984,0.001239
5000,512,2550x3300,1,10,4.166750792064704,0.0012612
5000,512,1700x2200,2,10,10.020874832989648,0.00171885
5000,512,2550x3300,2,8,3.016840207972564,0.00157305
5000,512,3400x4400,1,1,1.903126124991104,0.0011580000000000002
5000,512,3400x4400,1,2,1.7797755829524249,0.0011496
5000,512,2550x3300,2,6,3.8220333750359714,0.00160965
5000,512,850x1100,3,8,13.412257833057083,0.0019083
5000,512,850x1100,3,4,13.486382417031564,0.0019083
5000,512,3400x4400,1,4,1.8470833750907332,0.0011496
5000,512,3400x4400,1,5,2.044504459016025,0.0011496
5000,512,2550x3300,2,7,4.48334579099901,0.0016264500000000002
5000,512,2550x3300,2,2,5.303491374943405,0.0016630500000000001
5000,512,2550x3300,2,10,3.8628544999519363,0.0015964500000000001
5000,512,2550x3300,2,9,4.182605457957834,0.00160545
5000,512,2550x3300,2,5,4.742888083914295,0.0016486500000000002
5000,512,2550x3300,2,3,5.19031408301089,0.00167565
5000,512,3400x4400,1,6,2.4951912499964237,0.0011730000000000002
5000,1000,850x1100,0,2,1.1995658751111478,0.00077535
5000,512,1700x2200,3,2,11.814215375110507,0.0021693000000000003
5000,512,1700x2200,3,3,11.779671416035853,0.0021693000000000003
5000,1000,850x1100,0,1,1.4810305830324069,0.00077775
5000,512,3400x4400,1,8,2.836107249953784,0.0011634000000000002
5000,512,3400x4400,1,9,2.6680555409984663,0.0011568000000000001
5000,1000,850x1100,0,3,1.3974409160437062,0.00076935
5000,1000,850x1100,0,7,1.381782333017327,0.00076935
5000,1000,850x1100,0,5,1.587021250044927,0.00077775
5000,1000,850x1100,0,6,1.585152875049971,0.00077535
5000,512,3400x4400,1,10,2.740909166052006,0.0011688000000000002
5000,1000,850x1100,0,10,0.9366819580318406,0.0007567499999999999
5000,512,1700x2200,3,9,11.590213582967408,0.0021693000000000003
5000,1000,850x1100,0,4,1.6144256250699982,0.00077535
5000,1000,850x1100,0,8,1.509596832911484,0.00077535
5000,512,1700x2200,3,7,11.727807959076017,0.0021693000000000003
5000,1000,850x1100,0,9,1.5490042919991538,0.00077775
5000,512,3400x4400,1,3,4.030306332977489,0.001248
5000,512,1700x2200,3,4,12.391539333970286,0.0021693000000000003
5000,512,3400x4400,1,7,4.183460291940719,0.0012324
5000,512,2550x3300,3,2,7.540052957949229,0.0021045000000000005
5000,512,3400x4400,2,2,3.529510666965507,0.00158805
5000,1000,850x1100,1,3,2.0350814170669764,0.001044
5000,1000,850x1100,1,1,2.332781833014451,0.0010662
5000,1000,850x1100,1,8,2.379100791993551,0.0010614
5000,1000,850x1100,1,4,2.7246206670533866,0.0010614
5000,1000,850x1100,1,2,2.762222707970068,0.001062
5000,1000,850x1100,1,9,2.263629207969643,0.001062
5000,1000,850x1100,1,10,2.265730084036477,0.001062
5000,1000,850x1100,1,5,2.79007304192055,0.0010692000000000002
5000,1000,850x1100,1,6,2.7884130410384387,0.0010674000000000002
5000,512,3400x4400,2,5,4.150892875040881,0.0015820500000000002
5000,1000,850x1100,1,7,2.836984834051691,0.001062
5000,1000,850x1100,2,1,1.3821013750275597,0.0013498499999999999
5000,512,3400x4400,2,8,3.770391167025082,0.00155145
5000,512,3400x4400,2,4,4.646369416965172,0.0016072500000000002
5000,512,2550x3300,3,1,9.605594334076159,0.0021693000000000003
5000,512,3400x4400,2,6,5.244333125068806,0.00159705
5000,512,3400x4400,3,2,2.559195499983616,0.0018669000000000003
5000,512,3400x4400,2,9,4.656314125051722,0.00156225
5000,512,3400x4400,2,10,5.437938750023022,0.00159465
5000,512,2550x3300,3,6,9.921638500061817,0.0021693000000000003
5000,512,2550x3300,3,5,10.217441875021905,0.0021693000000000003
5000,512,3400x4400,2,1,8.014450417016633,0.00170265
5000,512,3400x4400,3,4,3.5986341669922695,0.0018663000000000002
5000,512,2550x3300,3,4,10.5907112499699,0.0021693000000000003
5000,512,2550x3300,3,3,11.606431749998592,0.0021693000000000003
5000,1000,850x1100,2,4,4.360483208904043,0.00141825
5000,512,3400x4400,2,7,6.996021167025901,0.00167145
5000,512,2550x3300,3,9,9.640973959001713,0.0021693000000000003
5000,1000,850x1100,2,6,4.221788000082597,0.0013774500000000001
5000,1000,850x1100,2,3,4.406950084026903,0.0014044500000000002
5000,512,2550x3300,3,8,10.187034333008341,0.0021693000000000003
5000,512,2550x3300,3,7,10.280549332965165,0.0021693000000000003
5000,1000,850x1100,2,10,3.782923333114013,0.00133245
5000,512,3400x4400,3,8,3.964531750069,0.0018663000000000002
5000,1000,850x1100,2,8,4.63265824993141,0.00142785
5000,1000,850x1100,2,2,4.871504417038523,0.00143925
5000,1000,1700x2200,0,3,3.7899107090197504,0.00077775
5000,1000,850x1100,2,7,4.816244125016965,0.00145425
5000,1000,850x1100,2,5,4.99283700005617,0.00147465
5000,1000,1700x2200,0,2,3.8684158750111237,0.00077595
5000,512,2550x3300,3,10,9.91094808303751,0.0021693000000000003
5000,1000,1700x2200,0,1,4.094806958921254,0.00076935
5000,512,3400x4400,2,3,8.974367166054435,0.00179925
5000,1000,1700x2200,0,7,4.279238207964227,0.00077175
5000,1000,850x1100,2,9,5.308132500038482,0.00144825
5000,1000,1700x2200,0,6,5.63045770896133,0.00077595
5000,1000,1700x2200,0,4,5.648946000030264,0.00077775
5000,1000,1700x2200,0,5,5.746845584013499,0.00077775
5000,1000,850x1100,3,3,5.865504833054729,0.0016239000000000002
5000,1000,1700x2200,0,8,4.972917792038061,0.00077535
5000,1000,1700x2200,0,10,4.967781458050013,0.00077535
5000,1000,1700x2200,0,9,5.104909167042933,0.00077775
5000,1000,1700x2200,2,10,2.8539566249819472,0.00151725
5000,1000,2550x3300,0,4,1.1114789999555796,0.0007675500000000001
5000,1000,2550x3300,0,1,1.5383624169044197,0.00077175
5000,1000,1700x2200,1,9,4.328274416970089,0.0011754
5000,1000,2550x3300,0,3,1.6254386249929667,0.00077775
5000,1000,850x1100,3,5,7.672339666984044,0.0016731
5000,1000,850x1100,3,7,7.730323416995816,0.0016772999999999998
5000,1000,2550x3300,0,2,1.9223218340193853,0.00077595
5000,1000,1700x2200,2,6,4.186363916960545,0.0015562500000000001
5000,1000,1700x2200,1,3,5.416135499952361,0.0011958000000000001
5000,1000,1700x2200,2,4,4.682878166087903,0.00156465
5000,1000,1700x2200,2,5,4.653627541963942,0.00156585
5000,1000,2550x3300,0,5,1.123573041986674,0.00077775
5000,1000,1700x2200,1,2,5.692692041979171,0.001203
5000,1000,2550x3300,0,6,0.9988080830080435,0.00077595
5000,1000,2550x3300,0,7,0.9721607499523088,0.00077535
5000,1000,1700x2200,1,5,5.7979182079434395,0.0012078000000000002
5000,1000,1700x2200,1,4,5.8244378749514,0.0012096000000000001
5000,1000,2550x3300,0,8,1.1106742080301046,0.00077595
5000,1000,1700x2200,1,6,5.951334708021022,0.0012126
5000,1000,2550x3300,0,10,1.0659801249857992,0.00077535
5000,1000,1700x2200,1,7,6.044459708034992,0.0012156
5000,1000,2550x3300,0,9,1.1092322079930454,0.0007741499999999999
5000,1000,1700x2200,1,1,6.79181929200422,0.0012198
5000,1000,1700x2200,2,3,5.695362291997299,0.00158385
5000,512,3400x4400,3,9,9.73583358398173,0.0019905
5000,1000,1700x2200,2,7,5.251101040979847,0.00158865
5000,512,3400x4400,3,1,11.200272709014826,0.0021693000000000003
5000,1000,1700x2200,1,10,6.398941708961502,0.0012342
5000,1000,1700x2200,1,8,6.624653332983144,0.001239
5000,1000,850x1100,3,9,9.606969166896306,0.0017271
5000,1000,1700x2200,2,8,5.736004624981433,0.00160785
5000,1000,1700x2200,3,6,5.394342667073943,0.0019629
5000,1000,1700x2200,2,9,6.893804125022143,0.0016384500000000003
5000,1000,2550x3300,1,5,2.7083983750781044,0.001185
5000,1000,2550x3300,1,7,2.660366000025533,0.0011832000000000001
5000,1000,2550x3300,1,2,3.476483292062767,0.0012042
5000,1000,2550x3300,1,4,3.323374458006583,0.0012018
5000,512,3400x4400,3,3,13.025338749983348,0.0021693000000000003
5000,1000,1700x2200,3,7,7.224429290974513,0.0020121
5000,1000,2550x3300,1,3,4.00008866598364,0.0012114
5000,1000,2550x3300,2,2,2.9081870829686522,0.0015520500000000001
5000,1000,3400x4400,0,2,1.3708039589691907,0.00077535
5000,512,3400x4400,3,5,13.988222416955978,0.0021693000000000003
5000,1000,3400x4400,0,1,1.417725250008516,0.00077535
5000,1000,3400x4400,0,3,1.6086970829637721,0.00077595
5000,1000,2550x3300,1,1,5.2337705419631675,0.001248
5000,1000,2550x3300,1,6,4.936634166981094,0.0012294
5000,1000,3400x4400,0,4,1.4044381669955328,0.00077595
5000,1000,2550x3300,1,9,5.304544166079722,0.0012492
5000,1000,3400x4400,0,5,1.8665730409557,0.00077595
5000,1000,2550x3300,2,10,3.2649369169957936,0.0015490500000000002
5000,512,3400x4400,3,7,14.95625404198654,0.0021693000000000003
5000,512,3400x4400,3,6,15.379992707981728,0.0021693000000000003
5000,1000,2550x3300,1,10,5.81396258296445,0.0012690000000000002
5000,1000,2550x3300,2,1,5.153646041988395,0.00161805
5000,1000,2550x3300,2,7,4.418347375001758,0.00157545
5000,1000,3400x4400,0,6,2.178086541010998,0.00077775
5000,1000,2550x3300,2,3,5.001549415988848,0.0016072500000000002
5000,1000,2550x3300,2,8,4.37142145796679,0.00158985
5000,1000,3400x4400,0,9,2.4844114589504898,0.0007741499999999999
5000,1000,3400x4400,0,8,2.49052091606427,0.00077535
5000,1000,2550x3300,1,8,7.072381249978207,0.0012972
5000,1000,3400x4400,0,7,2.7394733330002055,0.00077535
5000,1000,3400x4400,0,10,3.0249205420259386,0.00077775
5000,512,3400x4400,3,10,16.544105665991083,0.0021693000000000003
5000,1000,2550x3300,2,6,6.114188458072022,0.00163185
5000,1000,3400x4400,1,3,3.288533917046152,0.0011568000000000001
5000,1000,3400x4400,1,4,2.917347125010565,0.0011496
5000,1000,3400x4400,1,5,3.2765534589998424,0.0011496
5000,1000,3400x4400,1,6,3.498065416002646,0.0011496
5000,1000,3400x4400,2,3,2.033784583909437,0.00151065
5000,1000,1700x2200,2,1,14.797473500017077,0.00181965
5000,1000,3400x4400,2,1,2.6363960419548675,0.00151785
5000,1000,3400x4400,1,2,5.160845375037752,0.0011730000000000002
5000,1000,2550x3300,2,9,8.782980415970087,0.00167625
5000,1000,3400x4400,2,2,2.693351124995388,0.00152205
5000,1000,3400x4400,1,10,4.539544333005324,0.0011856000000000002
5000,1000,2550x3300,3,1,8.107024499913678,0.0020493
5000,1000,3400x4400,1,7,5.4806312079308555,0.001224
10000,256,850x1100,0,4,1.4266267500352114,0.00150315
5000,1000,3400x4400,2,4,5.16959537495859,0.0015742500000000001
5000,1000,3400x4400,1,9,6.60811583395116,0.0012222000000000001
5000,1000,3400x4400,1,1,9.594771999982186,0.0012588000000000002
5000,1000,3400x4400,2,5,6.229374291957356,0.00157365
5000,1000,3400x4400,1,8,8.642487291013822,0.0012690000000000002
10000,256,850x1100,0,7,3.2270258750068024,0.00150555
10000,256,850x1100,0,6,3.2304937910521403,0.00150315
5000,1000,3400x4400,2,8,7.060777792008594,0.00157665
10000,256,850x1100,0,5,3.713117542094551,0.00150975
5000,1000,3400x4400,2,10,6.989578792010434,0.0016048500000000001
5000,1000,3400x4400,2,6,8.319355959072709,0.00161805
10000,256,850x1100,0,1,7.042958916979842,0.00165555
10000,256,850x1100,0,3,6.911188708036207,0.00165555
10000,256,850x1100,0,2,6.914194875047542,0.00165555
5000,1000,850x1100,3,1,27.35695566702634,0.0022011
5000,1000,850x1100,3,4,27.3974145000102,0.0022011
5000,1000,850x1100,3,2,27.5142762910109,0.0022011
5000,1000,850x1100,3,8,27.320220042020082,0.0022011
5000,1000,850x1100,3,10,27.335511874989606,0.0022011
5000,1000,850x1100,3,6,27.720872416975908,0.0022011
5000,1000,1700x2200,2,2,24.478326957905665,0.00209205
10000,256,850x1100,1,5,2.447258541942574,0.0018467999999999998
10000,256,850x1100,1,1,3.7175641249632463,0.0018575999999999998
5000,1000,3400x4400,3,5,7.496988833067007,0.0020157000000000005
5000,1000,1700x2200,3,2,24.311550082988106,0.0024621
5000,1000,1700x2200,3,1,24.483501750044525,0.0024621
5000,1000,1700x2200,3,3,24.38248749997001,0.0024621
10000,256,850x1100,0,8,5.970995249925181,0.0015961500000000002
5000,1000,1700x2200,3,4,24.599226708058268,0.0024621
5000,1000,1700x2200,3,5,24.48599641607143,0.0024621
5000,1000,1700x2200,3,8,23.50855725002475,0.0024621
5000,1000,1700x2200,3,9,23.46284900000319,0.0024621
5000,1000,1700x2200,3,10,24.027449709014036,0.0024621
10000,256,850x1100,0,9,8.081712124985643,0.00165555
10000,256,850x1100,0,10,8.094940582988784,0.00165555
10000,256,850x1100,1,2,6.719686291995458,0.0019386
10000,256,850x1100,1,3,6.693771584075876,0.0019386
10000,256,850x1100,1,4,6.2761623749975115,0.0019386
10000,256,850x1100,1,6,6.146388792083599,0.0019386
10000,256,1700x2200,0,2,0.3253247090615332,0.00150315
10000,256,850x1100,1,9,5.494388166931458,0.0018983999999999997
10000,256,1700x2200,0,1,0.8995124999200925,0.0015193499999999998
10000,256,1700x2200,0,5,0.7473512090509757,0.00151395
10000,256,1700x2200,0,6,0.6114028750453144,0.00150315
10000,256,850x1100,1,7,6.124093874939717,0.0019386
10000,256,850x1100,1,8,6.166825915919617,0.0019386
10000,256,850x1100,2,2,5.55769937497098,0.00220425
10000,256,850x1100,1,10,6.182750624953769,0.0019386
5000,1000,2550x3300,2,5,23.62730100005865,0.00209205
10000,256,850x1100,2,3,6.124717083061114,0.0022216500000000004
10000,256,850x1100,2,4,6.082602332928218,0.0022216500000000004
10000,256,850x1100,2,1,6.253382500028238,0.0022216500000000004
10000,256,850x1100,2,7,5.800203207996674,0.0022216500000000004
10000,256,850x1100,2,6,5.856182791991159,0.0022216500000000004
5000,1000,2550x3300,2,4,23.831339583033696,0.00209205
10000,256,850x1100,2,5,6.278410500031896,0.0022216500000000004
10000,256,850x1100,2,8,5.819213917013258,0.0022216500000000004
10000,256,850x1100,2,9,5.835810292046517,0.0022216500000000004
10000,256,850x1100,2,10,6.000960125005804,0.0022216500000000004
10000,256,850x1100,3,1,5.840514458017424,0.0025047000000000003
10000,256,850x1100,3,2,5.9175746670225635,0.0025047000000000003
10000,256,850x1100,3,3,5.859473625081591,0.0025047000000000003
10000,256,850x1100,3,5,5.778171458980069,0.0025047000000000003
10000,256,850x1100,3,6,5.737469124956988,0.0025047000000000003
10000,256,850x1100,3,4,5.826366792083718,0.0025047000000000003
10000,256,850x1100,3,7,5.784020166960545,0.0025047000000000003
5000,1000,2550x3300,3,2,24.117144208052196,0.0024621
5000,1000,2550x3300,3,3,24.15230908303056,0.0024621
10000,256,850x1100,3,8,6.443507624906488,0.0025047000000000003
5000,1000,3400x4400,2,7,19.157532165991142,0.00194505
5000,1000,2550x3300,3,5,24.759694625041448,0.0024621
5000,1000,2550x3300,3,6,24.757178875035606,0.0024621
5000,1000,2550x3300,3,4,25.119165124953724,0.0024621
10000,256,850x1100,3,9,6.057457291986793,0.0025047000000000003
10000,256,1700x2200,0,3,5.958195083076134,0.00165555
5000,1000,2550x3300,3,7,25.04248079203535,0.0024621
10000,256,850x1100,3,10,6.038090500049293,0.0025047000000000003
5000,1000,2550x3300,3,9,24.936459458083846,0.0024621
10000,256,1700x2200,0,4,5.956234209006652,0.00165555
5000,1000,2550x3300,3,8,25.15945604094304,0.0024621
5000,1000,2550x3300,3,10,24.99696000001859,0.0024621
5000,1000,3400x4400,3,10,15.854355792049319,0.0021909
10000,256,2550x3300,0,4,0.43600416695699096,0.00150315
10000,256,2550x3300,0,3,0.5695848329924047,0.00150315
10000,256,1700x2200,0,7,6.272111165919341,0.00165555
10000,256,1700x2200,0,9,6.3381136250682175,0.00165555
10000,256,1700x2200,1,1,6.372014499967918,0.0020256000000000002
10000,256,1700x2200,1,2,6.258859041961841,0.0020256000000000002
10000,256,1700x2200,0,8,6.68631241703406,0.00165555
10000,256,1700x2200,0,10,6.789214458083734,0.00165555
10000,256,1700x2200,1,5,6.353953957906924,0.0020256000000000002
10000,256,1700x2200,1,3,6.529690833995119,0.0020256000000000002
10000,256,1700x2200,1,6,6.360184999997728,0.0020256000000000002
10000,256,1700x2200,1,4,6.464683250058442,0.0020256000000000002
10000,256,1700x2200,1,7,6.375601249979809,0.0020256000000000002
10000,256,1700x2200,1,9,6.312577834003605,0.0020256000000000002
10000,256,1700x2200,1,10,6.292516999994405,0.0020256000000000002
10000,256,1700x2200,1,8,6.42295541591011,0.0020256000000000002
10000,256,1700x2200,2,1,6.478563291952014,0.0023956500000000005
10000,256,1700x2200,2,3,6.370978624909185,0.0023956500000000005
10000,256,1700x2200,2,2,6.417916917009279,0.0023956500000000005
10000,256,1700x2200,2,4,6.5021702910307795,0.0023956500000000005
10000,256,1700x2200,2,5,6.698778958059847,0.0023956500000000005
10000,256,1700x2200,2,6,6.667647290974855,0.0023956500000000005
10000,256,2550x3300,0,6,4.2384012079564855,0.00159495
10000,256,2550x3300,1,2,2.7523751659318805,0.0019272
10000,256,1700x2200,2,7,6.7649250839604065,0.0023956500000000005
10000,256,1700x2200,2,8,6.786018042010255,0.0023956500000000005
10000,256,1700x2200,3,1,6.7876604159828275,0.0027657
10000,256,1700x2200,2,9,6.941793459001929,0.0023956500000000005
10000,256,1700x2200,2,10,6.913115415954962,0.0023956500000000005
10000,256,1700x2200,3,2,6.296237915987149,0.0027657
10000,256,1700x2200,3,3,6.152209708001465,0.0027657
10000,256,1700x2200,3,4,6.184207707992755,0.0027657
5000,1000,3400x4400,2,9,25.016234042006545,0.00209205
5000,1000,3400x4400,3,1,23.62983183399774,0.0024621
10000,256,1700x2200,3,5,6.125156624941155,0.0027657
5000,1000,3400x4400,3,2,22.85782566689886,0.0024621
10000,256,3400x4400,0,1,0.4841401249868795,0.00150315
10000,256,1700x2200,3,6,6.381932166987099,0.0027657
10000,256,1700x2200,3,7,6.376173625001684,0.0027657
10000,256,2550x3300,0,1,6.091996000031941,0.00165555
5000,1000,3400x4400,3,3,23.129624207969755,0.0024621
10000,256,1700x2200,3,8,6.348296583979391,0.0027657
10000,256,1700x2200,3,9,6.180581624968909,0.0027657
10000,256,2550x3300,0,2,6.122478625038639,0.00165555
10000,256,1700x2200,3,10,6.2982658330583945,0.0027657
10000,256,2550x3300,0,8,5.848099458962679,0.00165555
10000,256,2550x3300,0,9,5.8508370000636205,0.00165555
10000,256,2550x3300,0,5,6.283826416940428,0.00165555
5000,1000,3400x4400,3,4,23.299139583017677,0.0024621
10000,256,3400x4400,0,8,0.6928545000264421,0.00150315
10000,256,3400x4400,0,10,0.5769342080457136,0.00150315
10000,256,3400x4400,0,6,0.749879915965721,0.00150315
10000,256,3400x4400,0,7,0.7380397920496762,0.00150315
10000,256,2550x3300,0,7,6.523160291952081,0.00165555
10000,256,3400x4400,0,2,1.5459344999399036,0.00153315
10000,256,3400x4400,0,9,0.9432660409947857,0.00151035
10000,256,2550x3300,0,10,5.9900496249319986,0.00165555
10000,256,2550x3300,1,7,4.523876167018898,0.0019764
10000,256,2550x3300,1,1,6.241952125099488,0.0020256000000000002
5000,1000,3400x4400,3,6,24.137185374973342,0.0024621
10000,256,2550x3300,1,4,6.136588833061978,0.0020256000000000002
10000,256,2550x3300,1,3,6.223032666021027,0.0020256000000000002
10000,256,2550x3300,1,8,5.379902041982859,0.0019950000000000002
10000,256,2550x3300,1,5,6.3159137920010835,0.0020256000000000002
10000,256,2550x3300,1,6,5.960933791007847,0.0020256000000000002
10000,256,2550x3300,1,9,6.272121208021417,0.0020256000000000002
10000,256,2550x3300,1,10,6.211379667045549,0.0020256000000000002
5000,1000,3400x4400,3,7,25.32328037498519,0.0024621
10000,256,2550x3300,2,1,6.1215296250302345,0.0023956500000000005
10000,256,2550x3300,2,3,6.436967208050191,0.0023956500000000005
10000,256,2550x3300,2,2,6.540525499964133,0.0023956500000000005
5000,1000,3400x4400,3,8,25.859246542095207,0.0024621
10000,256,2550x3300,2,4,6.541313291992992,0.0023956500000000005
5000,1000,3400x4400,3,9,25.889829416992143,0.0024621
10000,256,2550x3300,2,7,6.198485458968207,0.0023956500000000005
10000,256,2550x3300,2,5,6.571769499918446,0.0023956500000000005
10000,256,2550x3300,2,6,6.488417291082442,0.0023956500000000005
10000,256,2550x3300,2,8,6.10198054194916,0.0023956500000000005
10000,256,2550x3300,2,10,5.860392958042212,0.0023956500000000005
10000,256,3400x4400,0,3,5.388434084015898,0.00165555
10000,256,2550x3300,2,9,5.768021167023107,0.0023956500000000005
10000,256,3400x4400,0,4,5.086823874968104,0.00165555
10000,256,3400x4400,0,5,5.037568083032966,0.00165555
10000,512,850x1100,0,2,0.7155822908971459,0.00150315
10000,512,850x1100,0,4,0.8469544579274952,0.00150315
10000,512,850x1100,0,7,0.5976592499064282,0.00150315
10000,256,2550x3300,3,1,5.642392333014868,0.0027657
10000,256,2550x3300,3,2,5.749910541926511,0.0027657
10000,256,2550x3300,3,3,5.941422624979168,0.0027657
10000,512,850x1100,0,5,2.2201713749673218,0.0015337499999999997
10000,256,2550x3300,3,4,5.956664625089616,0.0027657
10000,256,3400x4400,1,1,6.160916458000429,0.0020256000000000002
10000,256,2550x3300,3,5,6.36677691701334,0.0027657
10000,256,2550x3300,3,6,6.1356840840308,0.0027657
10000,256,2550x3300,3,8,6.3388847089372575,0.0027657
10000,256,3400x4400,1,7,5.380360416951589,0.0019734
10000,256,2550x3300,3,7,6.452385667013004,0.0027657
10000,256,3400x4400,1,2,6.4621729160426185,0.0020256000000000002
10000,256,3400x4400,1,3,6.657854666933417,0.0020256000000000002
10000,256,3400x4400,1,4,6.546707083936781,0.0020256000000000002
10000,256,3400x4400,1,5,6.585714875021949,0.0020256000000000002
10000,256,3400x4400,1,6,6.437149874982424,0.0020256000000000002
10000,256,2550x3300,3,9,6.663615457946435,0.0027657
10000,256,3400x4400,1,8,6.606099999975413,0.0020256000000000002
10000,512,850x1100,1,9,0.5732172090793028,0.0017945999999999997
10000,256,3400x4400,1,9,6.791469792020507,0.0020256000000000002
10000,256,3400x4400,1,10,6.7079963750438765,0.0020256000000000002
10000,512,850x1100,1,8,1.2129137499723583,0.001812
10000,256,2550x3300,3,10,6.8748505000257865,0.0027657
10000,256,3400x4400,2,2,5.691453624982387,0.0023956500000000005
10000,256,3400x4400,2,3,5.101546792080626,0.0023956500000000005
10000,256,3400x4400,2,1,5.844986041076481,0.0023956500000000005
10000,256,3400x4400,2,4,6.244508999981917,0.0023956500000000005
10000,256,3400x4400,2,7,6.320275166071951,0.0023956500000000005
10000,256,3400x4400,2,6,6.461170207941905,0.0023956500000000005
10000,256,3400x4400,2,5,6.594959874986671,0.0023956500000000005
10000,256,3400x4400,2,8,6.251734749996103,0.0023956500000000005
10000,512,850x1100,1,1,5.691526834038086,0.001932
10000,512,850x1100,1,5,5.233206334058195,0.0019295999999999998
10000,256,3400x4400,2,10,6.049208292039111,0.0023956500000000005
10000,256,3400x4400,2,9,6.18452162493486,0.0023956500000000005
10000,512,850x1100,0,8,8.878656917018816,0.00177915
10000,512,850x1100,0,10,8.77569024998229,0.00175035
10000,512,850x1100,0,6,9.134753957972862,0.0017899499999999998
10000,512,850x1100,0,1,9.712820083019324,0.0018091499999999998
10000,512,850x1100,1,6,5.805762042058632,0.0019841999999999998
10000,512,850x1100,1,2,6.273619542014785,0.0019968
10000,256,3400x4400,3,1,5.094220583094284,0.0027657
10000,512,850x1100,0,9,9.129491957952268,0.0018091499999999998
10000,512,850x1100,0,3,9.764888040954247,0.0018091499999999998
10000,256,3400x4400,3,2,5.076633999939077,0.0027657
10000,256,3400x4400,3,3,5.308231833041646,0.0027657
10000,512,1700x2200,0,3,2.0188565410207957,0.00150315
10000,512,1700x2200,0,4,1.7304122919449583,0.00150315
10000,512,1700x2200,0,10,1.248111458029598,0.00150315
10000,512,1700x2200,2,2,0.7703964579850435,0.00224865
10000,256,3400x4400,3,4,7.1071246669162065,0.0027657
10000,512,1700x2200,1,6,2.6029091669479385,0.0019140000000000001
10000,256,3400x4400,3,5,7.3037719579879194,0.0027657
10000,512,850x1100,1,3,9.513594917021692,0.0020922
10000,512,850x1100,1,4,9.520257458090782,0.0020922
10000,256,3400x4400,3,6,8.057647916022688,0.0027657
10000,512,850x1100,1,7,9.377818750101142,0.0020922
10000,256,3400x4400,3,7,8.204331874963827,0.0027657
10000,512,850x1100,1,10,9.406961374916136,0.0020922
10000,256,3400x4400,3,8,9.076375833945349,0.0027657
10000,256,3400x4400,3,9,9.785018792026676,0.0027657
10000,256,3400x4400,3,10,9.97468862507958,0.0027657
10000,512,850x1100,2,3,10.116018374916166,0.00223425
10000,512,1700x2200,0,9,8.348861958016641,0.0016849500000000002
10000,512,850x1100,2,1,13.310860291006975,0.00237525
10000,512,850x1100,2,2,14.070947541971691,0.00237525
10000,512,850x1100,2,4,14.783270832966082,0.00237525
10000,512,850x1100,2,5,14.768138082930818,0.00237525
10000,512,850x1100,2,8,15.304816875024699,0.00237525
10000,512,850x1100,2,6,15.376860375050455,0.00237525
10000,512,850x1100,2,9,15.308564833016135,0.00237525
10000,512,850x1100,2,10,15.308872667024843,0.00237525
10000,512,850x1100,2,7,15.370570957893506,0.00237525
10000,512,850x1100,3,2,15.444501959020272,0.0026583
10000,512,850x1100,3,3,15.549113707966171,0.0026583
10000,512,2550x3300,0,4,0.4293411250691861,0.00150315
10000,512,850x1100,3,1,15.62523137498647,0.0026583
10000,512,850x1100,3,6,15.630225041997619,0.0026583
10000,512,2550x3300,0,6,0.5018950420198962,0.00150315
10000,512,850x1100,3,4,15.688971041934565,0.0026583
10000,512,850x1100,3,7,15.550976917031221,0.0026583
10000,512,850x1100,3,5,15.72269054199569,0.0026583
10000,512,850x1100,3,9,15.597067499998957,0.0026583
10000,512,1700x2200,0,1,13.768316417001188,0.0018091499999999998
10000,512,1700x2200,0,2,13.77595179202035,0.0018091499999999998
10000,512,850x1100,3,8,15.69531179103069,0.0026583
10000,512,850x1100,3,10,14.186408082954586,0.0026583
10000,512,1700x2200,0,8,13.172745416988619,0.0018091499999999998
10000,512,1700x2200,0,7,13.18235725001432,0.0018091499999999998
10000,512,1700x2200,0,5,13.250412332941778,0.0018091499999999998
10000,512,1700x2200,0,6,13.25255766697228,0.0018091499999999998
10000,512,1700x2200,1,2,12.618449082947336,0.0021792
10000,512,1700x2200,1,4,12.445150583982468,0.0021792
10000,512,1700x2200,1,8,12.299761833040975,0.0021792
10000,512,1700x2200,1,3,12.498544542002492,0.0021792
10000,512,1700x2200,1,9,11.972567374934442,0.0021792
10000,512,1700x2200,1,7,12.363523666979745,0.0021792
10000,512,2550x3300,0,7,0.6649686249438673,0.00151335
10000,512,1700x2200,2,1,11.833122791023925,0.0025492500000000003
10000,512,1700x2200,1,5,12.629484415985644,0.0021792
10000,512,1700x2200,1,1,12.965872333967127,0.0021792
10000,512,2550x3300,0,9,0.7656385001027957,0.00150315
10000,512,1700x2200,1,10,12.287318291026168,0.0021792
10000,512,1700x2200,2,3,11.906758291064762,0.0025492500000000003
10000,512,1700x2200,2,4,11.560031250002794,0.0025492500000000003
10000,512,1700x2200,2,5,11.350897583994083,0.0025492500000000003
10000,512,1700x2200,2,6,11.384292916976847,0.0025492500000000003
10000,512,1700x2200,2,8,11.104154750006273,0.0025492500000000003
10000,512,1700x2200,2,7,11.168540459009819,0.0025492500000000003
10000,512,1700x2200,2,9,10.95300754206255,0.0025492500000000003
10000,512,1700x2200,2,10,10.928624500054866,0.0025492500000000003
10000,512,1700x2200,3,2,11.10489525005687,0.0029193
10000,512,1700x2200,3,1,11.304780125035904,0.0029193
10000,512,2550x3300,0,5,4.276936125010252,0.00162195
10000,512,1700x2200,3,3,11.074415250099264,0.0029193
10000,512,3400x4400,0,5,1.2964307080255821,0.0015073500000000002
10000,512,1700x2200,3,4,10.948416583007202,0.0029193
10000,512,3400x4400,0,7,1.164703542017378,0.00150675
10000,512,1700x2200,3,6,10.96118933300022,0.0029193
10000,512,1700x2200,3,5,11.085427707992494,0.0029193
10000,512,3400x4400,0,8,1.4482714160112664,0.00150315
10000,512,2550x3300,1,8,6.0604148749262094,0.0020214
10000,512,3400x4400,0,9,2.615244959015399,0.00153915
10000,512,2550x3300,0,10,7.366888499935158,0.00171255
10000,512,1700x2200,3,7,11.31136841699481,0.0029193
10000,512,1700x2200,3,8,11.29431804199703,0.0029193
10000,512,2550x3300,0,1,10.816920833080076,0.0018091499999999998
10000,512,1700x2200,3,9,11.531802874989808,0.0029193
10000,512,1700x2200,3,10,10.85161612497177,0.0029193
10000,512,3400x4400,0,1,7.541714792023413,0.0017041499999999998
10000,512,2550x3300,0,2,10.589402667013928,0.0018091499999999998
10000,512,2550x3300,0,3,10.614938999991864,0.0018091499999999998
10000,512,2550x3300,0,8,10.424460290931165,0.0018091499999999998
10000,512,3400x4400,0,10,5.450136124971323,0.00163395
10000,512,2550x3300,1,1,10.732229667017236,0.0021792
10000,512,2550x3300,1,2,10.684333959012292,0.0021792
10000,512,2550x3300,1,3,10.61217012500856,0.0021792
10000,512,3400x4400,0,3,8.437086584046483,0.00173175
10000,512,2550x3300,1,4,10.562319582910277,0.0021792
10000,512,2550x3300,1,5,10.685293541988358,0.0021792
10000,512,2550x3300,1,6,10.599842833005823,0.0021792
10000,512,2550x3300,1,10,10.517686374951154,0.0021792
10000,512,2550x3300,1,7,10.77079079207033,0.0021792
10000,512,2550x3300,1,9,10.620839791023172,0.0021792
10000,512,2550x3300,2,1,10.733394333976321,0.0025492500000000003
10000,512,3400x4400,0,4,10.968221832998097,0.0018091499999999998
10000,512,2550x3300,2,3,11.132178458035924,0.0025492500000000003
10000,512,2550x3300,2,2,11.225841792067513,0.0025492500000000003
10000,512,2550x3300,2,6,11.18651491694618,0.0025492500000000003
10000,512,3400x4400,0,2,11.404921167064458,0.0018091499999999998
10000,512,2550x3300,2,8,10.95795700000599,0.0025492500000000003
10000,512,2550x3300,2,5,11.127210291917436,0.0025492500000000003
10000,512,2550x3300,2,7,11.047366457991302,0.0025492500000000003
10000,512,2550x3300,2,9,11.484864457976073,0.0025492500000000003
10000,512,3400x4400,0,6,11.187466792063788,0.0018091499999999998
10000,512,2550x3300,2,4,12.030086750048213,0.0025492500000000003
10000,512,2550x3300,3,1,10.538601166917942,0.0029193
10000,512,2550x3300,2,10,11.65874529199209,0.0025492500000000003
10000,1000,850x1100,0,2,1.0567156249890104,0.00150315
10000,1000,850x1100,0,4,1.067130291950889,0.00150315
10000,1000,850x1100,0,6,1.0575629589147866,0.00150615
10000,512,2550x3300,3,2,10.674101833021268,0.0029193
10000,1000,850x1100,0,8,0.9975357499206439,0.0015163499999999999
10000,512,2550x3300,3,4,10.905380874988623,0.0029193
10000,512,2550x3300,3,3,11.195837624953128,0.0029193
10000,512,2550x3300,3,6,10.995788707979955,0.0029193
10000,512,2550x3300,3,5,11.83341795799788,0.0029193
10000,512,2550x3300,3,7,12.03058079094626,0.0029193
10000,512,2550x3300,3,8,11.961111666052602,0.0029193
10000,512,2550x3300,3,9,11.929769083042629,0.0029193
10000,512,3400x4400,1,1,12.184595291968435,0.0021792
10000,512,3400x4400,1,2,12.075784499989823,0.0021792
10000,512,3400x4400,1,4,11.96816345793195,0.0021792
10000,512,3400x4400,1,6,10.47294799995143,0.0021792
10000,512,2550x3300,3,10,12.586224625003524,0.0029193
10000,512,3400x4400,1,5,10.652760875062086,0.0021792
10000,512,3400x4400,1,3,12.112266833893955,0.0021792
10000,512,3400x4400,1,7,10.45629120792728,0.0021792
10000,512,3400x4400,1,8,10.58987170807086,0.0021792
10000,512,3400x4400,1,9,10.165130832931027,0.0021792
10000,512,3400x4400,1,10,9.879271042067558,0.0021792
10000,512,3400x4400,2,1,10.067955666105263,0.0025492500000000003
10000,512,3400x4400,2,3,9.518013291992247,0.0025492500000000003
10000,1000,850x1100,1,2,4.736237042001449,0.0018953999999999998
10000,1000,850x1100,1,1,4.915157624986023,0.0019175999999999998
10000,512,3400x4400,2,2,10.098432541941293,0.0025492500000000003
10000,512,3400x4400,2,4,10.686590041965246,0.0025492500000000003
10000,1000,850x1100,1,6,5.8051042089937255,0.001875
10000,1000,850x1100,1,4,6.395197290927172,0.0019332
10000,512,3400x4400,2,5,10.980552041903138,0.0025492500000000003
10000,512,3400x4400,2,6,10.361645249999128,0.0025492500000000003
10000,1000,1700x2200,0,1,0.6368106250884011,0.00150915
10000,512,3400x4400,2,7,10.351849499973468,0.0025492500000000003
10000,1000,1700x2200,0,6,0.32382774993311614,0.00150315
10000,1000,850x1100,0,10,9.03299724997487,0.00179175
10000,1000,850x1100,1,7,7.172445166972466,0.001911
10000,512,3400x4400,2,8,10.432632999960333,0.0025492500000000003
10000,512,3400x4400,2,9,10.373940082965419,0.0025492500000000003
10000,1000,850x1100,1,9,7.2963165829423815,0.0019164
10000,512,3400x4400,2,10,10.38505391695071,0.0025492500000000003
10000,1000,1700x2200,0,7,0.6442979580024257,0.0015121499999999999
10000,1000,1700x2200,0,9,0.3635145409498364,0.00150315
10000,1000,1700x2200,0,10,0.6120631659869105,0.00151035
10000,1000,850x1100,1,3,8.838089584023692,0.0019877999999999996
10000,1000,1700x2200,1,3,1.3288462499622256,0.001887
10000,1000,850x1100,2,1,8.33957662503235,0.0021994500000000004
10000,512,3400x4400,3,1,10.890882791019976,0.0029193
10000,512,3400x4400,3,2,10.866737874923274,0.0029193
10000,1000,1700x2200,0,8,3.1884697090135887,0.00159195
10000,1000,850x1100,1,8,10.118434541975148,0.0020052
10000,1000,1700x2200,1,6,2.5191975829657167,0.0019398000000000002
10000,1000,1700x2200,1,4,3.4006393749732524,0.0019596
10000,512,3400x4400,3,3,11.996536875027232,0.0029193
10000,512,3400x4400,3,4,11.984206749941222,0.0029193
10000,512,3400x4400,3,6,13.969053416047245,0.0029193
10000,512,3400x4400,3,5,14.239548833924346,0.0029193
10000,512,3400x4400,3,7,13.990230833063833,0.0029193
10000,512,3400x4400,3,8,15.095914792036638,0.0029193
10000,512,3400x4400,3,9,15.150914707919583,0.0029193
10000,512,3400x4400,3,10,15.15657954197377,0.0029193
10000,1000,850x1100,0,1,19.95703270798549,0.00210195
10000,1000,1700x2200,0,5,10.551621041959152,0.00179475
10000,1000,850x1100,0,5,20.476839083014056,0.00210195
10000,1000,850x1100,0,3,20.509856207994744,0.00210195
10000,1000,850x1100,0,7,20.30057866696734,0.00210195
10000,1000,850x1100,0,9,20.211973708006553,0.00210195
10000,1000,1700x2200,0,4,11.870284667005762,0.00183315
10000,1000,850x1100,1,5,21.905305042047985,0.002385
10000,1000,2550x3300,0,1,1.2832235840614885,0.00153795
10000,1000,850x1100,1,10,23.067409334005788,0.002385
10000,1000,850x1100,3,3,21.052195957978256,0.0029025
10000,1000,2550x3300,0,3,0.38277837506029755,0.00150315
10000,1000,2550x3300,0,4,0.48921883304137737,0.00150675
10000,1000,850x1100,2,2,23.8539039590396,0.00266805
10000,1000,2550x3300,0,7,0.3697920829290524,0.00150315
10000,1000,850x1100,2,5,23.792232375009917,0.00266805
10000,1000,850x1100,2,3,24.305697333067656,0.00266805
10000,1000,850x1100,2,9,23.745642749941908,0.00266805
10000,1000,850x1100,2,4,24.11104491702281,0.00266805
10000,1000,850x1100,2,8,23.99229025002569,0.00266805
10000,1000,850x1100,2,6,24.10218308295589,0.00266805
10000,1000,850x1100,2,10,24.053562707966194,0.00266805
10000,1000,850x1100,2,7,24.102057917043567,0.00266805
10000,1000,850x1100,3,1,24.00851133291144,0.0029511000000000003
10000,1000,850x1100,3,2,23.773607249953784,0.0029511000000000003
10000,1000,850x1100,3,4,22.301672082976438,0.0029511000000000003
10000,1000,2550x3300,0,10,0.42836233403068036,0.00150315
10000,1000,850x1100,3,6,21.05270570795983,0.0029511000000000003
10000,1000,850x1100,3,7,21.034585874993354,0.0029511000000000003
10000,1000,850x1100,3,8,21.021757750073448,0.0029511000000000003
10000,1000,850x1100,3,9,20.985541624948382,0.0029511000000000003
10000,1000,850x1100,3,5,21.204027749947272,0.0029511000000000003
10000,1000,850x1100,3,10,20.537942124996334,0.0029511000000000003
10000,1000,1700x2200,0,2,20.35670845909044,0.00210195
10000,1000,1700x2200,0,3,20.825955624924973,0.00210195
10000,1000,1700x2200,1,2,20.787463833927177,0.0024720000000000002
10000,1000,1700x2200,1,5,20.624451624928042,0.0024720000000000002
10000,1000,1700x2200,1,1,21.549447583034635,0.0024720000000000002
10000,1000,1700x2200,1,7,20.745647832984105,0.0024720000000000002
10000,1000,1700x2200,1,9,20.652332790894434,0.0024720000000000002
10000,1000,1700x2200,1,8,20.711500750039704,0.0024720000000000002
10000,1000,2550x3300,1,1,4.890523207955994,0.001998
10000,1000,1700x2200,1,10,20.735637541976757,0.0024720000000000002
10000,1000,1700x2200,2,1,20.73745716700796,0.0028420500000000005
10000,1000,1700x2200,2,2,20.591736332979053,0.0028420500000000005
10000,1000,1700x2200,2,3,20.57432729098946,0.0028420500000000005
10000,1000,1700x2200,2,4,20.4757395000197,0.0028420500000000005
10000,1000,1700x2200,2,6,20.240312083042227,0.0028420500000000005
10000,1000,1700x2200,2,5,20.34370724996552,0.0028420500000000005
10000,1000,1700x2200,2,7,20.20712920895312,0.0028420500000000005
10000,1000,2550x3300,1,8,6.372130375006236,0.0020604
10000,1000,3400x4400,0,1,1.1662554589565843,0.00150315
10000,1000,3400x4400,0,2,1.260115374927409,0.00150315
10000,1000,1700x2200,2,8,19.193449749960564,0.0028420500000000005
10000,1000,1700x2200,2,9,19.21338170801755,0.0028420500000000005
10000,1000,1700x2200,2,10,19.15258804196492,0.0028420500000000005
10000,1000,3400x4400,0,8,0.4648202499374747,0.00150315
10000,1000,1700x2200,3,1,18.4971969590988,0.0032121
10000,1000,2550x3300,1,7,8.635269250022247,0.0021606
10000,1000,1700x2200,3,2,18.49347462505102,0.0032121
10000,1000,1700x2200,3,3,18.79950754099991,0.0032121
10000,1000,1700x2200,3,4,17.94617524999194,0.0032121
10000,1000,1700x2200,3,5,17.902871540980414,0.0032121
10000,1000,1700x2200,3,6,17.80946999997832,0.0032121
10000,1000,1700x2200,3,7,17.80423887493089,0.0032121
10000,1000,1700x2200,3,8,17.540663708001375,0.0032121
10000,1000,1700x2200,3,9,17.574607166927308,0.0032121
10000,1000,1700x2200,3,10,17.573152584023774,0.0032121
10000,1000,2550x3300,1,5,10.78920191701036,0.0022632000000000004
10000,1000,3400x4400,0,3,5.3270386250223964,0.00169995
10000,1000,2550x3300,0,2,16.32330070901662,0.00210195
10000,1000,3400x4400,1,8,2.9669129999820143,0.0019878
10000,1000,2550x3300,0,5,15.988150125020184,0.00210195
10000,1000,2550x3300,0,6,15.854734624968842,0.00210195
10000,1000,3400x4400,0,4,7.947118500014767,0.00182835
10000,1000,2550x3300,0,8,15.473159708897583,0.00210195
10000,1000,2550x3300,0,9,15.408091375022195,0.00210195
10000,1000,2550x3300,1,2,15.28702583303675,0.0024720000000000002
10000,1000,2550x3300,1,3,15.29854454100132,0.0024720000000000002
10000,1000,2550x3300,1,4,15.281119583989494,0.0024720000000000002
10000,1000,2550x3300,1,6,15.314848625101149,0.0024720000000000002
10000,1000,2550x3300,1,10,15.140495583997108,0.0024720000000000002
10000,1000,2550x3300,1,9,15.556678708060645,0.0024720000000000002
10000,1000,2550x3300,2,1,15.041711375000887,0.0028420500000000005
10000,1000,2550x3300,2,4,14.9640170839848,0.0028420500000000005
10000,1000,2550x3300,2,2,15.216360374935903,0.0028420500000000005
10000,1000,2550x3300,2,3,15.003740666084923,0.0028420500000000005
10000,1000,2550x3300,2,5,15.061608457937837,0.0028420500000000005
10000,1000,2550x3300,2,6,15.068048999994062,0.0028420500000000005
10000,1000,2550x3300,2,7,15.072767667006701,0.0028420500000000005
10000,1000,2550x3300,2,8,15.343975084018894,0.0028420500000000005
10000,1000,2550x3300,2,10,14.23179554194212,0.0028420500000000005
10000,1000,2550x3300,2,9,14.322867666953243,0.0028420500000000005
10000,1000,2550x3300,3,1,13.789121833979152,0.0032121
10000,1000,2550x3300,3,4,12.934171375003643,0.0032121
10000,1000,2550x3300,3,2,13.906788500025868,0.0032121
10000,1000,2550x3300,3,3,13.393085833988152,0.0032121
10000,1000,2550x3300,3,5,13.116950916941278,0.0032121
10000,1000,3400x4400,0,7,10.613131499965675,0.0020233499999999997
10000,1000,2550x3300,3,6,13.045830709044822,0.0032121
10000,1000,2550x3300,3,7,12.920828750007786,0.0032121
10000,1000,2550x3300,3,8,12.992030541994609,0.0032121
10000,1000,2550x3300,3,9,12.970283375005238,0.0032121
10000,1000,3400x4400,0,6,12.313740167068318,0.00210195
10000,1000,2550x3300,3,10,13.253556124982424,0.0032121
10000,1000,3400x4400,0,9,11.962896874989383,0.00210195
10000,1000,3400x4400,0,5,12.501111541991122,0.00210195
10000,1000,3400x4400,0,10,12.56193299998995,0.00210195
10000,1000,3400x4400,1,1,13.126212915987708,0.0024720000000000002
10000,1000,3400x4400,1,2,13.099322166061029,0.0024720000000000002
10000,1000,3400x4400,1,4,12.69049041706603,0.0024720000000000002
10000,1000,3400x4400,1,3,12.991447999957018,0.0024720000000000002
10000,1000,3400x4400,1,6,12.347129624919035,0.0024720000000000002
10000,1000,3400x4400,1,10,12.273168083047494,0.0024720000000000002
10000,1000,3400x4400,1,7,12.73702891706489,0.0024720000000000002
10000,1000,3400x4400,1,5,13.871571499970742,0.0024720000000000002
10000,1000,3400x4400,1,9,13.152776083094068,0.0024720000000000002
10000,1000,3400x4400,2,1,12.59167554101441,0.0028420500000000005
10000,1000,3400x4400,2,3,12.247805833001621,0.0028420500000000005
10000,1000,3400x4400,2,2,13.070020040962845,0.0028420500000000005
10000,1000,3400x4400,2,5,11.915278709027916,0.0028420500000000005
10000,1000,3400x4400,2,4,12.658874665969051,0.0028420500000000005
10000,1000,3400x4400,2,6,12.731093000038527,0.0028420500000000005
10000,1000,3400x4400,2,7,13.322784416959621,0.0028420500000000005
10000,1000,3400x4400,2,8,12.855367250042036,0.0028420500000000005
10000,1000,3400x4400,2,9,12.611879999982193,0.0028420500000000005
10000,1000,3400x4400,2,10,12.97325020795688,0.0028420500000000005
10000,1000,3400x4400,3,3,11.681256208918057,0.0032121
10000,1000,3400x4400,3,4,11.630421417066827,0.0032121
10000,1000,3400x4400,3,1,12.82888308307156,0.0032121
10000,1000,3400x4400,3,5,11.89324233296793,0.0032121
10000,1000,3400x4400,3,2,12.957599750021473,0.0032121
10000,1000,3400x4400,3,7,12.045483291964047,0.0032121
10000,1000,3400x4400,3,6,12.559965708991513,0.0032121
10000,1000,3400x4400,3,10,12.172596457996406,0.0032121
10000,1000,3400x4400,3,8,12.845497166970745,0.0032121
10000,1000,3400x4400,3,9,12.788214583997615,0.0032121
